class_name,source,reference,crop_box_xyxy
cucumber_fresh,zenodo_cucumber_10081197,Fruit Dataset/PE10- (2).JPG,582 1318 4982 2887
cucumber_fresh,zenodo_cucumber_10081197,Fruit Dataset/PE101-(2).JPG,404 1328 4393 3127
cucumber_fresh,zenodo_cucumber_10081197,Fruit Dataset/PE107- (1).JPG,1614 1318 5068 2758
cucumber_fresh,zenodo_cucumber_10081197,Fruit Dataset/PE108-(2).JPG,234 1283 3435 2875
cucumber_fresh,zenodo_cucumber_10081197,Fruit Dataset/PE112- (2).JPG,869 897 3437 2181
cucumber_fresh,zenodo_cucumber_10081197,Fruit Dataset/PE116- (2).JPG,2258 1454 4259 2455
cucumber_fresh,zenodo_cucumber_10081197,Fruit Dataset/PE118- (2).JPG,2050 1343 4025 2331
cucumber_fresh,zenodo_cucumber_10081197,Fruit Dataset/PE125- (2).JPG,624 1353 3877 2740
cucumber_fresh,zenodo_cucumber_10081197,Fruit Dataset/PE141- (2).JPG,148 1323 5225 3074
cucumber_fresh,zenodo_cucumber_10081197,Fruit Dataset/PE143- (2).JPG,974 1714 3979 3115
cucumber_fresh,zenodo_cucumber_10081197,Fruit Dataset/PE164- (2).JPG,2270 1023 3861 1818
cucumber_fresh,zenodo_cucumber_10081197,Fruit Dataset/PE172- (2).JPG,1380 1463 3557 2552
cucumber_fresh,zenodo_cucumber_10081197,Fruit Dataset/PE180- (2).JPG,1752 1479 3747 2476
cucumber_fresh,zenodo_cucumber_10081197,Fruit Dataset/PE182- (2).JPG,827 1243 3584 2616
cucumber_fresh,zenodo_cucumber_10081197,Fruit Dataset/PE184- (2).JPG,2361 1847 3594 2463
cucumber_fresh,zenodo_cucumber_10081197,Fruit Dataset/PE196- (2).JPG,1191 1290 4483 2936
cucumber_fresh,zenodo_cucumber_10081197,Fruit Dataset/PE197- (2).JPG,1827 1263 4213 2408
cucumber_fresh,zenodo_cucumber_10081197,Fruit Dataset/PE21- (2).JPG,1072 1293 5139 2906
cucumber_fresh,zenodo_cucumber_10081197,Fruit Dataset/PE211- (2).JPG,1128 1248 4446 2822
cucumber_fresh,zenodo_cucumber_10081197,Fruit Dataset/PE214- (2).JPG,0 1328 4646 3454
cucumber_fresh,zenodo_cucumber_10081197,Fruit Dataset/PE220- (4).JPG,2965 1716 4399 2434
cucumber_fresh,zenodo_cucumber_10081197,Fruit Dataset/PE223- (2).JPG,2240 1621 3564 2283
cucumber_fresh,zenodo_cucumber_10081197,Fruit Dataset/PE231- (2).JPG,0 1338 5311 3392
cucumber_fresh,zenodo_cucumber_10081197,Fruit Dataset/PE232- (2).JPG,2410 1039 4568 2118
cucumber_fresh,zenodo_cucumber_10081197,Fruit Dataset/PE26- (2).JPG,1891 1534 4335 2756
cucumber_fresh,zenodo_cucumber_10081197,Fruit Dataset/PE28- (2).JPG,1562 1504 4508 2977
cucumber_fresh,zenodo_cucumber_10081197,Fruit Dataset/PE43- (2).JPG,795 1664 4002 3185
cucumber_fresh,zenodo_cucumber_10081197,Fruit Dataset/PE66- (2).JPG,1527 1368 5170 2866
cucumber_fresh,zenodo_cucumber_10081197,Fruit Dataset/PE67- (2).JPG,0 1674 4837 3502
cucumber_fresh,zenodo_cucumber_10081197,Fruit Dataset/PE71-.JPG,622 1328 4546 3066
cucumber_fresh,zenodo_cucumber_10081197,Fruit Dataset/PE73- (2).JPG,1473 1313 4752 2759
cucumber_fresh,zenodo_cucumber_10081197,Fruit Dataset/PE81- (2).JPG,0 892 5303 2934
cucumber_fresh,zenodo_cucumber_10081197,Fruit Dataset/PE85- (3).JPG,1086 1318 3856 2467
cucumber_fresh,zenodo_cucumber_10081197,Fruit Dataset/PE86- (2).JPG,1831 1313 4621 2477
cucumber_fresh,zenodo_cucumber_10081197,Fruit Dataset/PE94- (2).JPG,616 982 4807 2614
cucumber_fresh,zenodo_cucumber_10081197,Fruit Dataset/PE97- (2).JPG,698 1313 5307 2964
cucumber_fresh,zenodo_cucumber_10081197,Fruit Dataset/DSC_6286.JPG,2079 2149 4322 3270
cucumber_fresh,zenodo_cucumber_10081197,Fruit Dataset/DSC_6363.JPG,1947 2129 4730 3520
cucumber_fresh,zenodo_cucumber_10081197,Fruit Dataset/DSC_6505.JPG,0 1754 6016 4015
cucumber_fresh,zenodo_cucumber_10081197,Fruit Dataset/DSC_6531.JPG,1677 2038 4714 3556
cucumber_fresh,zenodo_cucumber_10081197,Fruit Dataset/DSC_6631.JPG,159 1905 4226 3724
cucumber_fresh,zenodo_cucumber_10081197,Fruit Dataset/DSC_7247.JPG,220 2754 3068 4015
cucumber_fresh,zenodo_cucumber_10081197,Fruit Dataset/DSC_7353.JPG,1563 2319 4106 3590
cucumber_fresh,zenodo_cucumber_10081197,Fruit Dataset/DSC_7629.JPG,450 2266 5600 4015
cucumber_fresh,zenodo_cucumber_10081197,Fruit Dataset/DSC_7633.JPG,2334 2266 4153 3144
cucumber_fresh,zenodo_cucumber_10081197,Fruit Dataset/DSC_7641.JPG,2425 2316 4367 3288
cucumber_fresh,zenodo_cucumber_10081197,Fruit Dataset/IMG20231017104320.jpg,1584 2829 6634 5355
cucumber_fresh,zenodo_cucumber_10081197,Fruit Dataset/IMG20231017150024.jpg,480 2457 7882 5775
cucumber_fresh,zenodo_cucumber_10081197,Fruit Dataset/IMG20231017150921.jpg,704 2628 7583 5740
cucumber_fresh,zenodo_cucumber_10081197,Fruit Dataset/IMG20231017152013.jpg,445 1344 3493 2815
cucumber_fresh,zenodo_cucumber_10081197,Fruit Dataset/IMG20231018142722.jpg,0 1413 4096 3072
cucumber_fresh,zenodo_cucumber_10081197,Fruit Dataset/IMG20231018143014.jpg,256 1682 3966 3038
cucumber_fresh,zenodo_cucumber_10081197,Fruit Dataset/IMG20231018144757.jpg,1 1314 4084 2954
cucumber_fresh,zenodo_cucumber_10081197,Fruit Dataset/IMG20231018150046.jpg,827 1570 2896 2423
cucumber_fresh,zenodo_cucumber_10081197,Fruit Dataset/IMG20231018150210.jpg,207 1426 3513 2720
cucumber_fresh,zenodo_cucumber_10081197,Fruit Dataset/IMG20231018150428.jpg,1439 1338 3441 2137
cucumber_fresh,zenodo_cucumber_10081197,Fruit Dataset/IMG20231018150818.jpg,0 1423 4096 3072
cucumber_fresh,zenodo_cucumber_10081197,Fruit Dataset/IMG20231018151319.jpg,445 1348 3605 2756
cucumber_fresh,zenodo_cucumber_10081197,Fruit Dataset/IMG20231018151601.jpg,311 1368 3719 2683
cucumber_fresh,zenodo_cucumber_10081197,Fruit Dataset/IMG20231018151811.jpg,580 1355 3611 2563
cucumber_fresh,zenodo_cucumber_10081197,Fruit Dataset/PE100- (2).JPG,1033 1303 3999 2623
cucumber_fresh,zenodo_cucumber_10081197,Fruit Dataset/PE103- (4).JPG,1571 1669 4439 2925
cucumber_fresh,zenodo_cucumber_10081197,Fruit Dataset/PE105- (2).JPG,1453 1303 4993 2699
cucumber_fresh,zenodo_cucumber_10081197,Fruit Dataset/PE106- (2).JPG,1089 1719 4485 3262
cucumber_fresh,zenodo_cucumber_10081197,Fruit Dataset/PE110- (2).JPG,913 1328 3924 2735
cucumber_fresh,zenodo_cucumber_10081197,Fruit Dataset/PE111-(3).JPG,942 982 4351 2281
cucumber_fresh,zenodo_cucumber_10081197,Fruit Dataset/PE119- (2).JPG,960 1486 4037 3025
cucumber_fresh,zenodo_cucumber_10081197,Fruit Dataset/PE124- (2).JPG,836 1318 5034 2839
cucumber_fresh,zenodo_cucumber_10081197,Fruit Dataset/PE127- (2).JPG,1148 1596 3684 2864
cucumber_fresh,zenodo_cucumber_10081197,Fruit Dataset/PE132- (2).JPG,797 1343 4160 2793
cucumber_fresh,zenodo_cucumber_10081197,Fruit Dataset/PE137- (1).JPG,1263 1308 3935 2467
cucumber_fresh,zenodo_cucumber_10081197,Fruit Dataset/PE142- (2).JPG,897 987 4085 2378
cucumber_fresh,zenodo_cucumber_10081197,Fruit Dataset/PE144- (3).JPG,1763 1308 4312 2497
cucumber_fresh,zenodo_cucumber_10081197,Fruit Dataset/PE145- (2).JPG,0 1649 5195 3630
cucumber_fresh,zenodo_cucumber_10081197,Fruit Dataset/PE147- (4).JPG,2064 1488 3610 2261
cucumber_fresh,zenodo_cucumber_10081197,Fruit Dataset/PE18- (2).JPG,1975 1293 4517 2360
cucumber_fresh,zenodo_cucumber_10081197,Fruit Dataset/PE181- (2).JPG,772 877 4572 2604
cucumber_fresh,zenodo_cucumber_10081197,Fruit Dataset/PE183- (3).JPG,597 1077 4866 2806
cucumber_fresh,zenodo_cucumber_10081197,Fruit Dataset/PE19-.JPG,363 1032 4529 2612
cucumber_fresh,zenodo_cucumber_10081197,Fruit Dataset/PE201- (3).JPG,1624 1408 3899 2546
cucumber_fresh,zenodo_cucumber_10081197,Fruit Dataset/PE210- (2).JPG,455 897 5083 2457
cucumber_fresh,zenodo_cucumber_10081197,Fruit Dataset/PE215-.JPG,0 1849 5626 4015
cucumber_fresh,zenodo_cucumber_10081197,Fruit Dataset/PE216- (2).JPG,311 1343 4450 3137
cucumber_fresh,zenodo_cucumber_10081197,Fruit Dataset/PE218- (2).JPG,720 1824 3927 3275
cucumber_fresh,zenodo_cucumber_10081197,Fruit Dataset/PE219- (2).JPG,120 1378 4351 3233
cucumber_fresh,zenodo_cucumber_10081197,Fruit Dataset/PE22- (3).JPG,1816 1298 5257 2640
cucumber_fresh,zenodo_cucumber_10081197,Fruit Dataset/PE221-(2).JPG,0 1849 5192 3934
cucumber_fresh,zenodo_cucumber_10081197,Fruit Dataset/PE222- (2).JPG,0 1388 4490 3553
cucumber_fresh,zenodo_cucumber_10081197,Fruit Dataset/PE224- (2).JPG,442 887 5057 2592
cucumber_fresh,zenodo_cucumber_10081197,Fruit Dataset/PE233- (2).JPG,268 1557 4003 3425
cucumber_fresh,zenodo_cucumber_10081197,Fruit Dataset/PE24- (2).JPG,0 842 5112 2815
cucumber_fresh,zenodo_cucumber_10081197,Fruit Dataset/PE25- (2).JPG,2066 1313 4726 2422
cucumber_fresh,zenodo_cucumber_10081197,Fruit Dataset/PE27-.JPG,799 1664 5362 3735
cucumber_fresh,zenodo_cucumber_10081197,Fruit Dataset/PE7- (2).JPG,700 1037 4298 2365
cucumber_fresh,zenodo_cucumber_10081197,Fruit Dataset/PE70- (4).JPG,870 1328 4253 2986
cucumber_fresh,zenodo_cucumber_10081197,Fruit Dataset/PE78- (2).JPG,1290 1318 4901 2797
cucumber_fresh,zenodo_cucumber_10081197,Fruit Dataset/PE79- (2).JPG,762 857 4777 2560
cucumber_fresh,zenodo_cucumber_10081197,Fruit Dataset/PE8-.JPG,1911 1298 4525 2423
cucumber_fresh,zenodo_cucumber_10081197,Fruit Dataset/PE87-(2).JPG,749 1333 4393 3081
cucumber_fresh,zenodo_cucumber_10081197,Fruit Dataset/PE92- (2).JPG,689 1864 4293 3372
cucumber_fresh,zenodo_cucumber_10081197,Fruit Dataset/IMG20231018151443.jpg,164 1430 4096 3009
cucumber_fresh,zenodo_cucumber_10081197,Fruit Dataset/IMG20231018151454.jpg,390 1440 3524 2962
cucumber_fresh,zenodo_cucumber_10081197,Fruit Dataset/IMG20231018151500.jpg,0 1396 3284 2739
cucumber_fresh,zenodo_cucumber_10081197,Fruit Dataset/IMG20231018151512.jpg,198 1413 3433 2667
cucumber_fresh,zenodo_cucumber_10081197,Fruit Dataset/IMG20231018151541.jpg,1250 1338 3323 2310
cucumber_fresh,zenodo_cucumber_10081197,Fruit Dataset/IMG20231018151606.jpg,728 1334 4039 2595
cucumber_fresh,zenodo_cucumber_10081197,Fruit Dataset/IMG20231018151618.jpg,603 1423 3345 2535
cucumber_fresh,zenodo_cucumber_10081197,Fruit Dataset/IMG20231018151639.jpg,0 1474 3935 2981
cucumber_fresh,zenodo_cucumber_10081197,Fruit Dataset/IMG20231018151701.jpg,0 1437 3936 2751
cucumber_fresh,zenodo_cucumber_10081197,Fruit Dataset/IMG20231018151725.jpg,614 1385 4085 3000
cucumber_fresh,zenodo_cucumber_10081197,Fruit Dataset/IMG20231018151734.jpg,877 1437 3429 2672
cucumber_fresh,zenodo_cucumber_10081197,Fruit Dataset/IMG20231018151751.jpg,361 1307 3716 2821
cucumber_fresh,zenodo_cucumber_10081197,Fruit Dataset/IMG20231018151815.jpg,622 1320 3609 2480
cucumber_fresh,zenodo_cucumber_10081197,Fruit Dataset/IMG20231018151829.jpg,117 1430 3872 2851
cucumber_fresh,zenodo_cucumber_10081197,Fruit Dataset/IMG20231018151841.jpg,82 1338 3819 2767
cucumber_fresh,zenodo_cucumber_10081197,Fruit Dataset/IMG20231018151901.jpg,673 1290 3633 2504
cucumber_fresh,zenodo_cucumber_10081197,Fruit Dataset/IMG20231018151918.jpg,129 1402 3488 2990
cucumber_fresh,zenodo_cucumber_10081197,Fruit Dataset/IMG20231018151931.jpg,759 1546 3684 2808
cucumber_fresh,zenodo_cucumber_10081197,Fruit Dataset/DSC_6288.JPG,509 1639 5632 3887
cucumber_fresh,zenodo_cucumber_10081197,Fruit Dataset/DSC_6500.JPG,449 1749 5566 4015
cucumber_fresh,zenodo_cucumber_10081197,Fruit Dataset/DSC_6512.JPG,0 1744 5240 4015
cucumber_fresh,zenodo_cucumber_10081197,Fruit Dataset/DSC_6541.JPG,457 1794 5502 3925
cucumber_fresh,zenodo_cucumber_10081197,Fruit Dataset/DSC_6644.JPG,997 2061 5273 4015
cucumber_fresh,zenodo_cucumber_10081197,Fruit Dataset/DSC_6765.JPG,741 2286 4287 3816
cucumber_fresh,zenodo_cucumber_10081197,Fruit Dataset/DSC_6996.JPG,590 2250 4442 4015
cucumber_fresh,zenodo_cucumber_10081197,Fruit Dataset/DSC_7006.JPG,0 2245 6016 4015
cucumber_fresh,zenodo_cucumber_10081197,Fruit Dataset/DSC_7248.JPG,91 2446 4706 4015
cucumber_fresh,zenodo_cucumber_10081197,Fruit Dataset/DSC_7335.JPG,1165 2095 3988 3472
cucumber_fresh,zenodo_cucumber_10081197,Fruit Dataset/DSC_7590.JPG,450 2000 6016 4015
cucumber_fresh,zenodo_cucumber_10081197,Fruit Dataset/DSC_7591.JPG,0 2000 6016 4015
cucumber_fresh,zenodo_cucumber_10081197,Fruit Dataset/DSC_7592.JPG,0 1995 5811 4015
cucumber_fresh,zenodo_cucumber_10081197,Fruit Dataset/DSC_7594.JPG,658 2000 5924 4015
cucumber_fresh,zenodo_cucumber_10081197,Fruit Dataset/DSC_7595.JPG,383 2060 6016 4015
cucumber_fresh,zenodo_cucumber_10081197,Fruit Dataset/DSC_7596.JPG,553 2040 6016 4015
cucumber_fresh,zenodo_cucumber_10081197,Fruit Dataset/DSC_7598.JPG,821 2005 5449 4015
cucumber_fresh,zenodo_cucumber_10081197,Fruit Dataset/DSC_7599.JPG,503 2055 5848 4015
cucumber_fresh,zenodo_cucumber_10081197,Fruit Dataset/DSC_7600.JPG,0 2040 6016 4015
cucumber_fresh,zenodo_cucumber_10081197,Fruit Dataset/DSC_7608.JPG,1021 2271 5916 4015
cucumber_fresh,zenodo_cucumber_10081197,Fruit Dataset/DSC_7619.JPG,1282 2266 5265 3805
cucumber_fresh,zenodo_cucumber_10081197,Fruit Dataset/DSC_7627.JPG,663 2266 5447 4015
cucumber_rotten,mendeley_cucumber,CUCUMBER/BAD/Bad/1709214788627.jpg,
cucumber_rotten,mendeley_cucumber,CUCUMBER/BAD/Bad/1715319139694.jpg,
cucumber_rotten,mendeley_cucumber,CUCUMBER/BAD/Bad/1709215439557.jpg,
cucumber_rotten,mendeley_cucumber,CUCUMBER/BAD/Bad/1715319138538.jpg,
cucumber_rotten,mendeley_cucumber,CUCUMBER/BAD/Bad/1709214788591.jpg,
cucumber_rotten,mendeley_cucumber,CUCUMBER/BAD/Bad/1709214954289.jpg,
cucumber_rotten,mendeley_cucumber,CUCUMBER/BAD/Bad/1715319139275.jpg,
cucumber_rotten,mendeley_cucumber,CUCUMBER/BAD/Bad/1715319139092.jpg,
cucumber_rotten,mendeley_cucumber,CUCUMBER/BAD/Bad/1715319139429.jpg,
cucumber_rotten,mendeley_cucumber,CUCUMBER/BAD/Bad/1715319139295.jpg,
cucumber_rotten,mendeley_cucumber,CUCUMBER/BAD/Bad/1715319138164.jpg,
cucumber_rotten,mendeley_cucumber,CUCUMBER/BAD/Bad/1715319139919.jpg,
cucumber_rotten,mendeley_cucumber,CUCUMBER/BAD/Bad/1709214788557.jpg,
cucumber_rotten,mendeley_cucumber,CUCUMBER/BAD/Bad/1715319139111.jpg,
cucumber_rotten,mendeley_cucumber,CUCUMBER/BAD/Bad/1709214914314.jpg,
cucumber_rotten,mendeley_cucumber,CUCUMBER/BAD/Bad/1715319269046.jpg,
cucumber_rotten,mendeley_cucumber,CUCUMBER/BAD/Bad/1715319139132.jpg,
cucumber_rotten,mendeley_cucumber,CUCUMBER/BAD/Bad/1709214788445.jpg,
cucumber_rotten,mendeley_cucumber,CUCUMBER/BAD/Bad/1715319139153.jpg,
cucumber_rotten,mendeley_cucumber,CUCUMBER/BAD/Bad/1715319138809.jpg,
cucumber_rotten,mendeley_cucumber,CUCUMBER/BAD/Bad/1709214954329.jpg,
cucumber_rotten,mendeley_cucumber,CUCUMBER/BAD/Bad/1709214788343.jpg,
cucumber_rotten,mendeley_cucumber,CUCUMBER/BAD/Bad/1715319138476.jpg,
cucumber_rotten,mendeley_cucumber,CUCUMBER/BAD/Bad/1715319139592.jpg,
cucumber_rotten,mendeley_cucumber,CUCUMBER/BAD/Bad/1709215174595.jpg,
cucumber_rotten,mendeley_cucumber,CUCUMBER/BAD/Bad/1715319138127.jpg,
cucumber_rotten,mendeley_cucumber,CUCUMBER/BAD/Bad/1715319138698.jpg,
cucumber_rotten,mendeley_cucumber,CUCUMBER/BAD/Bad/1715319139236.jpg,
cucumber_rotten,mendeley_cucumber,CUCUMBER/BAD/Bad/1715319138014.jpg,
cucumber_rotten,mendeley_cucumber,CUCUMBER/BAD/Bad/1715319268921.jpg,
cucumber_rotten,mendeley_cucumber,CUCUMBER/BAD/Bad/1709214862511.jpg,
cucumber_rotten,mendeley_cucumber,CUCUMBER/BAD/Bad/1709214954265.jpg,
cucumber_rotten,mendeley_cucumber,CUCUMBER/BAD/Bad/1715319138029.jpg,
cucumber_rotten,mendeley_cucumber,CUCUMBER/BAD/Bad/1715319138980.jpg,
cucumber_rotten,mendeley_cucumber,CUCUMBER/BAD/Bad/1715319268944.jpg,
cucumber_rotten,mendeley_cucumber,CUCUMBER/BAD/Bad/1709214914330.jpg,
cucumber_rotten,mendeley_cucumber,CUCUMBER/BAD/Bad/1715319139570.jpg,
cucumber_rotten,mendeley_cucumber,CUCUMBER/BAD/Bad/1715319138097.jpg,
cucumber_rotten,mendeley_cucumber,CUCUMBER/BAD/Bad/1715319138997.jpg,
cucumber_rotten,mendeley_cucumber,CUCUMBER/BAD/Bad/1709214788480.jpg,
cucumber_rotten,mendeley_cucumber,CUCUMBER/BAD/Bad/1715319139034.jpg,
cucumber_rotten,mendeley_cucumber,CUCUMBER/BAD/Bad/1715319138189.jpg,
cucumber_rotten,mendeley_cucumber,CUCUMBER/BAD/Bad/1715319138944.jpg,
cucumber_rotten,mendeley_cucumber,CUCUMBER/BAD/Bad/1709214788659.jpg,
cucumber_rotten,mendeley_cucumber,CUCUMBER/BAD/Bad/1709214862478.jpg,
cucumber_rotten,mendeley_cucumber,CUCUMBER/BAD/Bad/1715319139670.jpg,
cucumber_rotten,mendeley_cucumber,CUCUMBER/BAD/Bad/1715319138431.jpg,
cucumber_rotten,mendeley_cucumber,CUCUMBER/BAD/Bad/1715319139761.jpg,
cucumber_rotten,mendeley_cucumber,CUCUMBER/BAD/Bad/1715319138216.jpg,
cucumber_rotten,mendeley_cucumber,CUCUMBER/BAD/Bad/1715319139051.jpg,
cucumber_rotten,mendeley_cucumber,CUCUMBER/BAD/Bad/1709215069030.jpg,
cucumber_rotten,mendeley_cucumber,CUCUMBER/BAD/Bad/1715319138229.jpg,
cucumber_rotten,mendeley_cucumber,CUCUMBER/BAD/Bad/1715319138925.jpg,
cucumber_rotten,mendeley_cucumber,CUCUMBER/BAD/Bad/1715319139883.jpg,
cucumber_rotten,mendeley_cucumber,CUCUMBER/BAD/Bad/1709214788698.jpg,
cucumber_rotten,mendeley_cucumber,CUCUMBER/BAD/Bad/1709215439588.jpg,
cucumber_rotten,mendeley_cucumber,CUCUMBER/BAD/Bad/1715319139546.jpg,
cucumber_rotten,mendeley_cucumber,CUCUMBER/BAD/Bad/1709214862538.jpg,
cucumber_rotten,mendeley_cucumber,CUCUMBER/BAD/Bad/1709215174572.jpg,
cucumber_rotten,mendeley_cucumber,CUCUMBER/BAD/Bad/1709214788729.jpg,
cucumber_rotten,mendeley_cucumber,CUCUMBER/BAD/Bad/1709214914277.jpg,
cucumber_rotten,mendeley_cucumber,CUCUMBER/BAD/Bad/1709214862445.jpg,
cucumber_rotten,mendeley_cucumber,CUCUMBER/BAD/Bad/1709214954313.jpg,
cucumber_rotten,mendeley_cucumber,CUCUMBER/BAD/Bad/1715319139174.jpg,
cucumber_rotten,mendeley_cucumber,CUCUMBER/BAD/Bad/1715319139516.jpg,
cucumber_rotten,mendeley_cucumber,CUCUMBER/BAD/Bad/1715319139196.jpg,
cucumber_rotten,mendeley_cucumber,CUCUMBER/BAD/Bad/1715319139255.jpg,
