id,class_name,provider,license,creator,title,page,image_url,search_query
ed0d6272-16d2-48fa-980f-a52997402752,cucumber_fresh,openverse:flickr,by 2.0,twistedstringknits,Asian Cucumber,https://www.flickr.com/photos/8021028@N06/7440140768,https://live.staticflickr.com/8153/7440140768_53d28a4835_b.jpg,asian cucumber
ebfa3555-f760-42b8-bbd3-edec5177002f,cucumber_fresh,openverse:flickr,by 2.0,Starr Environmental,starr-091113-9705-Cucumis_sativus-burpless_variety_fruit-Olinda-Maui,https://www.flickr.com/photos/97499887@N06/24989812895,https://live.staticflickr.com/1687/24989812895_bbe7df2ece_b.jpg,burpless cucumber
070430ba-5ea8-488c-90e6-2c1dc591f244,cucumber_fresh,openverse:flickr,by-nc-sa 2.0,fortinbras,Chinese cucumber,https://www.flickr.com/photos/82568321@N00/201881434,https://live.staticflickr.com/68/201881434_7d00b74658_b.jpg,chinese cucumber
fdc021c8-7571-4aa4-814a-7136f30cbd3e,cucumber_fresh,openverse:flickr,by-nc 2.0,timtak,Pekin Chinese Cucumber (I thought it was a Goya Hybrid),https://www.flickr.com/photos/64015205@N00/52983723742,https://live.staticflickr.com/65535/52983723742_feba2d2a98_b.jpg,chinese cucumber
48ee306e-9b9b-47aa-9b7f-1614266a1066,cucumber_fresh,openverse:flickr,by 2.0,cattan2011,"Cucumbers - local market, Beijing",https://www.flickr.com/photos/68166820@N08/32553759678,https://live.staticflickr.com/7820/32553759678_31b5eef549_b.jpg,cucumber china market
500b984c-6c05-4922-b67e-2d6bc61eb45e,cucumber_fresh,openverse:flickr,by-nc-nd 2.0,sarahhsia,cucumbers,https://www.flickr.com/photos/16582383@N00/3491934716,https://live.staticflickr.com/3373/3491934716_d6ff10fcdf_b.jpg,cucumber china market
f7dc5e9b-1695-4121-a576-677727bef891,cucumber_fresh,openverse:flickr,by-nc-sa 2.0,stumptownpanda,cucumbers,https://www.flickr.com/photos/73554588@N00/4697680745,https://live.staticflickr.com/4018/4697680745_fa1f2bdf6d_b.jpg,cucumber china market
44720c41-2e0a-4793-bad6-941b9234ea0e,cucumber_fresh,openverse:flickr,by 2.0,Globalism Pictures,Cucumbers,https://www.flickr.com/photos/41577730@N00/5845502393,https://live.staticflickr.com/3271/5845502393_12b8a338f7_b.jpg,cucumber japan market
eeb6d05f-3b8d-485b-b579-beaafc0af186,cucumber_fresh,openverse:flickr,by-nc 2.0,timtak,Japanese Cucumbers,https://www.flickr.com/photos/64015205@N00/12878137,https://live.staticflickr.com/9/12878137_acd8c51d2c_b.jpg,japanese cucumber
faf6f211-59e0-49b8-af19-877d65127c42,cucumber_fresh,openverse:flickr,by-nc 2.0,timtak,Japanese Cucumber,https://www.flickr.com/photos/64015205@N00/6971416135,https://live.staticflickr.com/7057/6971416135_5a7cb3b697_b.jpg,japanese cucumber
765f5780-b00d-4da6-a042-7e1d5db2797f,cucumber_fresh,openverse:flickr,by-sa 2.0,myravery,Japanese cucumber from our garden. 16',https://www.flickr.com/photos/27898757@N02/7868870006,https://live.staticflickr.com/8435/7868870006_5d8669520a_b.jpg,japanese cucumber
a8a621eb-e3da-46aa-a39e-6b6799743480,cucumber_fresh,openverse:flickr,by-nc 2.0,World to Table,Korean Cucumbers,https://www.flickr.com/photos/39969363@N08/4968561483,https://live.staticflickr.com/4153/4968561483_d9c3ed3e90_b.jpg,korean cucumber
fd189bff-f4c4-426d-88d4-32dbc2c002e2,cucumber_fresh,openverse:flickr,by 2.0,twistedstringknits,Korean Cucumber,https://www.flickr.com/photos/8021028@N06/7377308868,https://live.staticflickr.com/7239/7377308868_a46783b994_b.jpg,korean cucumber
c28c40b1-43f7-43eb-80f6-c0d42c043638,cucumber_fresh,openverse:flickr,by 2.0,merec0,アイスきゅうり,https://www.flickr.com/photos/30048871@N00/649681088,https://live.staticflickr.com/1274/649681088_2b26f38312_b.jpg,きゅうり
5ada2d3b-51ef-40f5-bd43-b711d5b39af2,cucumber_fresh,openverse:flickr,by 2.0,yto,きゅうりです。○○○ではありません！,https://www.flickr.com/photos/27983255@N00/4823062544,https://live.staticflickr.com/4138/4823062544_eca141f66f.jpg,きゅうり
776f1ed4-c4cc-4f4b-8432-fa6e5316722e,cucumber_fresh,openverse:flickr,by-sa 2.0,iyoupapa,キュウリ一本採れた #ベランダ菜園 #きゅうり,https://www.flickr.com/photos/9938180@N07/7523472688,https://live.staticflickr.com/8145/7523472688_ec7f73fa80.jpg,きゅうり
70bd188e-c0e5-4267-9d73-0d9698b6a51f,cucumber_fresh,openverse:flickr,by 2.0,pika1935,きゅうり,https://www.flickr.com/photos/93256705@N05/28333545120,https://live.staticflickr.com/8567/28333545120_d69f9a0ecd_b.jpg,きゅうり
1a8ea192-5fad-42c9-9ccf-fdbc847145c4,cucumber_fresh,openverse:flickr,by-nc-nd 2.0,naohisa1971,息子が小学校で育てている胡瓜を収穫しに。3連休だったのでよく育っていた。,https://www.flickr.com/photos/53494098@N06/9289524081,https://live.staticflickr.com/5443/9289524081_237c7f2afb.jpg,胡瓜
dbc35839-6883-4fe9-8d3d-eaf079f8ccc7,cucumber_fresh,openverse:flickr,by-nc-sa 2.0,maquanjun,花盆里的两个黄瓜都摘了,https://www.flickr.com/photos/71396122@N00/8027564053,https://live.staticflickr.com/8317/8027564053_94f2fd9280_b.jpg,黄瓜
73eca538-fc58-4a0e-be1e-497043fab271,cucumber_fresh,openverse:flickr,by-nc-sa 2.0,maquanjun,花盆里的黄瓜,https://www.flickr.com/photos/71396122@N00/8060048922,https://live.staticflickr.com/8180/8060048922_21e0e25307_b.jpg,黄瓜
81705f6a-b5fe-4263-b26e-06e384b81bb5,cucumber_fresh,openverse:flickr,by-sa 2.0,KOREA.NET - Official page of the Republic of Korea,Imsilgun_County_35,https://www.flickr.com/photos/42438955@N05/16851247055,https://live.staticflickr.com/7622/16851247055_27307facba_b.jpg,오이
17710775-8d83-48e2-9492-f6b9f9acb4d0,cucumber_fresh,openverse:flickr,by 2.0,압박의 달인,IMG_4595,https://www.flickr.com/photos/103629201@N02/34584949016,https://live.staticflickr.com/4161/34584949016_feb8feb86a_b.jpg,오이
805dca06-57c9-4cf6-a417-e01b654c926e,cucumber_fresh,openverse:flickr,by 2.0,압박의 달인,IMG_4577,https://www.flickr.com/photos/103629201@N02/34112497860,https://live.staticflickr.com/4160/34112497860_14b32353c7_b.jpg,오이
f6a7e6f1-87ff-47d4-ad3f-ab1f5bee3afe,cucumber_fresh,openverse:flickr,by 2.0,압박의 달인,IMG_9191,https://www.flickr.com/photos/103629201@N02/27254083407,https://live.staticflickr.com/905/27254083407_f995e1940e_b.jpg,오이
82aeef17-e4ec-487a-8e3e-668fa45a1117,cucumber_fresh,openverse:flickr,by 2.0,압박의 달인,IMG_9084,https://www.flickr.com/photos/103629201@N02/40948720515,https://live.staticflickr.com/904/40948720515_0d441ae8bd_b.jpg,오이
15990f78-7e27-4465-8598-badc51aa3a9f,cucumber_fresh,openverse:flickr,by 2.0,압박의 달인,IMG_4704,https://www.flickr.com/photos/103629201@N02/34853309836,https://live.staticflickr.com/4273/34853309836_04113a2c57_b.jpg,오이
wm59889438,cucumber_fresh,wikimedia,CC BY 2.0,"Hajime NAKANO from Tokyo, Japan",File:きゅうり キューリ 2017 (34700397250).jpg,https://commons.wikimedia.org/wiki/File:%E3%81%8D%E3%82%85%E3%81%86%E3%82%8A_%E3%82%AD%E3%83%A5%E3%83%BC%E3%83%AA_2017_(34700397250).jpg,https://thumb.wikimedia.org/wikipedia/commons/thumb/4/45/%E3%81%8D%E3%82%85%E3%81%86%E3%82%8A_%E3%82%AD%E3%83%A5%E3%83%BC%E3%83%AA_2017_%2834700397250%29.jpg/960px-%E3%81%8D%E3%82%85%E3%81%86%E3%82%8A_%E3%82%AD%E3%83%A5%E3%83%BC%E3%83%AA_2017_%2834700397250%29.jpg?utm_source=commons.wikimedia.org&utm_campaign=imageinfo&utm_content=thumbnail,cucumbers supermarket japan
wm151600541,cucumber_fresh,wikimedia,CC BY-SA 4.0,Eric Polk,File:Japanese cucumbers.jpg,https://commons.wikimedia.org/wiki/File:Japanese_cucumbers.jpg,https://thumb.wikimedia.org/wikipedia/commons/thumb/d/d5/Japanese_cucumbers.jpg/960px-Japanese_cucumbers.jpg?utm_source=commons.wikimedia.org&utm_campaign=imageinfo&utm_content=thumbnail,japanese cucumber
wm62136307,cucumber_fresh,wikimedia,CC BY-SA 4.0,Susan Slater,File:Japanese cucumber.jpg,https://commons.wikimedia.org/wiki/File:Japanese_cucumber.jpg,https://thumb.wikimedia.org/wikipedia/commons/thumb/3/38/Japanese_cucumber.jpg/960px-Japanese_cucumber.jpg?utm_source=commons.wikimedia.org&utm_campaign=imageinfo&utm_content=thumbnail,japanese cucumber
wm41223390,cucumber_fresh,wikimedia,CC BY-SA 4.0,Uo3rt,File:Yamato-3jaku-kyuri.JPG,https://commons.wikimedia.org/wiki/File:Yamato-3jaku-kyuri.JPG,https://thumb.wikimedia.org/wikipedia/commons/thumb/d/db/Yamato-3jaku-kyuri.JPG/960px-Yamato-3jaku-kyuri.JPG?utm_source=commons.wikimedia.org&utm_campaign=imageinfo&utm_content=thumbnail,kyuri cucumber
wm41838759,cucumber_fresh,wikimedia,CC BY-SA 4.0,Uo3rt,File:Kurotaki shiro kyuri.JPG,https://commons.wikimedia.org/wiki/File:Kurotaki_shiro_kyuri.JPG,https://thumb.wikimedia.org/wikipedia/commons/thumb/8/87/Kurotaki_shiro_kyuri.JPG/960px-Kurotaki_shiro_kyuri.JPG?utm_source=commons.wikimedia.org&utm_campaign=imageinfo&utm_content=thumbnail,kyuri cucumber
wm41223400,cucumber_fresh,wikimedia,CC BY-SA 4.0,Uo3rt,File:Sold Yamato-3jaku kyuri.JPG,https://commons.wikimedia.org/wiki/File:Sold_Yamato-3jaku_kyuri.JPG,https://thumb.wikimedia.org/wikipedia/commons/thumb/9/97/Sold_Yamato-3jaku_kyuri.JPG/960px-Sold_Yamato-3jaku_kyuri.JPG?utm_source=commons.wikimedia.org&utm_campaign=imageinfo&utm_content=thumbnail,kyuri cucumber
8ab462cb-b90a-4a2e-b025-889f736c3f38,cucumber_fresh,openverse:flickr,by-nc 2.0,min383,cucumbers,https://www.flickr.com/photos/193762669@N03/51398229857,https://live.staticflickr.com/65535/51398229857_cb2eb718c7_b.jpg,cucumbers korean market
f4f40e37-78a6-4427-89bb-6f332f869909,cucumber_fresh,openverse:flickr,by 2.0,__U___,今日の収穫！ キレイなきゅうりとれたどー,https://www.flickr.com/photos/57723509@N04/52301900276,https://live.staticflickr.com/65535/52301900276_8fce9ae271_b.jpg,きゅうり 収穫
9f580db8-11fb-4e43-ac0e-0f8ab7926587,cucumber_fresh,openverse:flickr,by 2.0,__U___,今日はきゅうり2本収穫。 食べきれない分は塩揉みして冷凍保存。,https://www.flickr.com/photos/57723509@N04/52268096896,https://live.staticflickr.com/65535/52268096896_14d1931309_b.jpg,きゅうり 収穫
515d0213-8c15-431e-9a40-58a03a912e4c,cucumber_fresh,openverse:flickr,by-sa 2.0,kamosawa,2本目のキュウリ,https://www.flickr.com/photos/39486315@N05/5685138427,https://live.staticflickr.com/5107/5685138427_3d95e4e121_b.jpg,キュウリ
17b83b32-5a75-443e-963a-7832a399a5d6,cucumber_fresh,openverse:flickr,by 2.0,JIRCAS,農業市場内 キュウリ,https://www.flickr.com/photos/148158860@N03/35891422224,https://live.staticflickr.com/4346/35891422224_e7a495644b_b.jpg,キュウリ
