image_id,type
cucumber_fresh_0001,western
cucumber_fresh_0002,western
cucumber_fresh_0004,western
cucumber_fresh_0006,western
cucumber_fresh_0007,western
cucumber_fresh_0011,western
cucumber_fresh_0012,western
cucumber_fresh_0013,western
cucumber_fresh_0014,western
cucumber_fresh_0020,vine_or_unclear
cucumber_fresh_0023,western
cucumber_fresh_0024,south_asian_market
cucumber_fresh_0025,south_asian_market
cucumber_fresh_0026,western
cucumber_fresh_0027,south_asian_market
cucumber_fresh_0029,south_asian_market
cucumber_fresh_0031,south_asian_market
cucumber_fresh_0032,south_asian_market
cucumber_fresh_0034,south_asian_market
cucumber_fresh_0035,south_asian_market
cucumber_fresh_0036,south_asian_market
cucumber_fresh_0037,south_asian_market
cucumber_fresh_0038,south_asian_market
cucumber_fresh_0039,south_asian_market
cucumber_fresh_0040,south_asian_market
cucumber_fresh_0042,south_asian_market
cucumber_fresh_0043,south_asian_market
cucumber_fresh_0044,south_asian_market
cucumber_fresh_0046,south_asian_market
cucumber_fresh_0047,south_asian_market
cucumber_fresh_0048,south_asian_market
cucumber_fresh_0049,south_asian_market
cucumber_fresh_0050,south_asian_market
cucumber_fresh_0051,south_asian_market
cucumber_fresh_0052,south_asian_market
cucumber_fresh_0054,western
cucumber_fresh_0059,western
cucumber_fresh_0063,western
cucumber_fresh_0064,western
cucumber_fresh_0065,western
cucumber_fresh_0068,western
cucumber_fresh_0070,western
cucumber_fresh_0072,western
cucumber_fresh_0075,western
cucumber_fresh_0078,western
cucumber_fresh_0079,western
cucumber_fresh_0080,western
cucumber_fresh_0082,western
cucumber_fresh_0088,western
cucumber_fresh_0090,western
cucumber_fresh_0091,western
cucumber_fresh_0096,western
cucumber_fresh_0098,western
cucumber_fresh_0099,western
cucumber_fresh_0601,western
cucumber_fresh_0602,western
cucumber_fresh_0603,western
cucumber_fresh_0604,western
cucumber_fresh_0605,western
cucumber_fresh_0606,western
cucumber_fresh_0607,western
cucumber_fresh_0608,western
cucumber_fresh_0609,western
cucumber_fresh_0610,western
cucumber_fresh_0612,western
cucumber_fresh_0613,western
cucumber_fresh_0614,western
cucumber_fresh_0620,western
cucumber_fresh_0622,western
cucumber_fresh_0625,western
cucumber_fresh_0634,western
cucumber_fresh_0635,western
cucumber_fresh_0638,western
cucumber_fresh_0640,western
cucumber_fresh_0644,western
cucumber_fresh_0645,south_asian_market
cucumber_fresh_0647,south_asian_market
cucumber_fresh_0648,south_asian_market
cucumber_fresh_0651,south_asian_market
cucumber_fresh_0652,south_asian_market
cucumber_fresh_0653,south_asian_market
cucumber_fresh_0654,south_asian_market
cucumber_fresh_0655,south_asian_market
cucumber_fresh_0656,south_asian_market
cucumber_fresh_0657,south_asian_market
cucumber_fresh_0658,south_asian_market
cucumber_fresh_0660,south_asian_market
cucumber_fresh_0661,south_asian_market
cucumber_fresh_0662,south_asian_market
cucumber_fresh_0663,south_asian_market
cucumber_fresh_0664,south_asian_market
cucumber_fresh_0665,south_asian_market
cucumber_fresh_0666,western
cucumber_fresh_0667,south_asian_market
cucumber_fresh_0668,south_asian_market
cucumber_fresh_0669,south_asian_market
cucumber_fresh_0670,south_asian_market
cucumber_fresh_0671,south_asian_market
cucumber_fresh_0672,south_asian_market
cucumber_fresh_0673,south_asian_market
cucumber_fresh_0674,south_asian_market
cucumber_fresh_0675,south_asian_market
cucumber_fresh_0676,south_asian_market
cucumber_fresh_0677,western
cucumber_fresh_0678,western
cucumber_fresh_0679,south_asian_market
cucumber_fresh_0680,south_asian_market
cucumber_fresh_0681,south_asian_market
cucumber_fresh_0682,south_asian_market
cucumber_fresh_0683,south_asian_market
cucumber_fresh_0684,south_asian_market
cucumber_fresh_0685,south_asian_market
cucumber_fresh_0686,south_asian_market
cucumber_fresh_0687,south_asian_market
cucumber_fresh_0688,south_asian_market
cucumber_fresh_0689,south_asian_market
cucumber_fresh_0690,south_asian_market
cucumber_fresh_0691,south_asian_market
cucumber_fresh_0692,south_asian_market
cucumber_fresh_0693,south_asian_market
cucumber_fresh_0694,south_asian_market
cucumber_fresh_0695,vine_or_unclear
cucumber_fresh_0697,western
cucumber_fresh_0701,western
cucumber_fresh_0702,western
cucumber_fresh_0703,western
cucumber_fresh_0706,western
cucumber_fresh_0708,western
cucumber_fresh_0709,western
cucumber_fresh_0711,western
cucumber_fresh_0717,western
cucumber_fresh_0718,western
cucumber_fresh_0719,western
cucumber_fresh_0720,western
cucumber_fresh_0721,western
cucumber_fresh_0723,western
cucumber_fresh_0724,western
cucumber_fresh_0725,western
cucumber_fresh_0726,western
cucumber_fresh_0727,western
