class_name,kaggle_dataset,license,archive_path,look_alike_session,width,height
cucumber_fresh,sujaykapadnis/cucumber-disease-recognition-dataset,CC BY 4.0,Cucumber Disease Recognition Dataset/Original Image/Original Image/Fresh Cucumber/Fresh Cucumber (6).jpg,s001,2296,1724
cucumber_fresh,sujaykapadnis/cucumber-disease-recognition-dataset,CC BY 4.0,Cucumber Disease Recognition Dataset/Original Image/Original Image/Fresh Cucumber/Fresh Cucumber (142).jpg,s002,2296,1724
cucumber_fresh,sujaykapadnis/cucumber-disease-recognition-dataset,CC BY 4.0,Cucumber Disease Recognition Dataset/Original Image/Original Image/Fresh Cucumber/Fresh Cucumber (74).jpg,s002,2296,1724
cucumber_fresh,sujaykapadnis/cucumber-disease-recognition-dataset,CC BY 4.0,Cucumber Disease Recognition Dataset/Original Image/Original Image/Fresh Cucumber/Fresh Cucumber (91).jpg,s002,2296,1724
cucumber_fresh,sujaykapadnis/cucumber-disease-recognition-dataset,CC BY 4.0,Cucumber Disease Recognition Dataset/Original Image/Original Image/Fresh Cucumber/Fresh Cucumber (58).jpg,s002,2296,1724
cucumber_fresh,sujaykapadnis/cucumber-disease-recognition-dataset,CC BY 4.0,Cucumber Disease Recognition Dataset/Original Image/Original Image/Fresh Cucumber/Fresh Cucumber (83).jpg,s002,2296,1724
cucumber_fresh,sujaykapadnis/cucumber-disease-recognition-dataset,CC BY 4.0,Cucumber Disease Recognition Dataset/Original Image/Original Image/Fresh Cucumber/Fresh Cucumber (112).jpg,s002,2296,1724
cucumber_fresh,sujaykapadnis/cucumber-disease-recognition-dataset,CC BY 4.0,Cucumber Disease Recognition Dataset/Original Image/Original Image/Fresh Cucumber/Fresh Cucumber (153).jpg,s002,2296,1724
cucumber_fresh,sujaykapadnis/cucumber-disease-recognition-dataset,CC BY 4.0,Cucumber Disease Recognition Dataset/Original Image/Original Image/Fresh Cucumber/Fresh Cucumber (126).jpg,s002,2296,1724
cucumber_fresh,sujaykapadnis/cucumber-disease-recognition-dataset,CC BY 4.0,Cucumber Disease Recognition Dataset/Original Image/Original Image/Fresh Cucumber/Fresh Cucumber (38).jpg,s002,2296,1724
cucumber_fresh,sujaykapadnis/cucumber-disease-recognition-dataset,CC BY 4.0,Cucumber Disease Recognition Dataset/Original Image/Original Image/Fresh Cucumber/Fresh Cucumber (68).jpg,s002,2296,1724
cucumber_fresh,sujaykapadnis/cucumber-disease-recognition-dataset,CC BY 4.0,Cucumber Disease Recognition Dataset/Original Image/Original Image/Fresh Cucumber/Fresh Cucumber (108).jpg,s002,2296,1724
cucumber_fresh,sujaykapadnis/cucumber-disease-recognition-dataset,CC BY 4.0,Cucumber Disease Recognition Dataset/Original Image/Original Image/Fresh Cucumber/Fresh Cucumber (30).jpg,s002,2296,1724
cucumber_fresh,sujaykapadnis/cucumber-disease-recognition-dataset,CC BY 4.0,Cucumber Disease Recognition Dataset/Original Image/Original Image/Fresh Cucumber/Fresh Cucumber (101).jpg,s002,2296,1724
cucumber_fresh,sujaykapadnis/cucumber-disease-recognition-dataset,CC BY 4.0,Cucumber Disease Recognition Dataset/Original Image/Original Image/Fresh Cucumber/Fresh Cucumber (114).jpg,s002,2296,1724
cucumber_fresh,sujaykapadnis/cucumber-disease-recognition-dataset,CC BY 4.0,Cucumber Disease Recognition Dataset/Original Image/Original Image/Fresh Cucumber/Fresh Cucumber (120).jpg,s002,2296,1724
cucumber_fresh,sujaykapadnis/cucumber-disease-recognition-dataset,CC BY 4.0,Cucumber Disease Recognition Dataset/Original Image/Original Image/Fresh Cucumber/Fresh Cucumber (50).jpg,s002,2296,1724
cucumber_fresh,sujaykapadnis/cucumber-disease-recognition-dataset,CC BY 4.0,Cucumber Disease Recognition Dataset/Original Image/Original Image/Fresh Cucumber/Fresh Cucumber (57).jpg,s002,2296,1724
cucumber_fresh,sujaykapadnis/cucumber-disease-recognition-dataset,CC BY 4.0,Cucumber Disease Recognition Dataset/Original Image/Original Image/Fresh Cucumber/Fresh Cucumber (122).jpg,s002,2296,1724
cucumber_fresh,sujaykapadnis/cucumber-disease-recognition-dataset,CC BY 4.0,Cucumber Disease Recognition Dataset/Original Image/Original Image/Fresh Cucumber/Fresh Cucumber (79).jpg,s002,2296,1724
cucumber_fresh,sujaykapadnis/cucumber-disease-recognition-dataset,CC BY 4.0,Cucumber Disease Recognition Dataset/Original Image/Original Image/Fresh Cucumber/Fresh Cucumber (14).jpg,s002,2296,1724
cucumber_fresh,sujaykapadnis/cucumber-disease-recognition-dataset,CC BY 4.0,Cucumber Disease Recognition Dataset/Original Image/Original Image/Fresh Cucumber/Fresh Cucumber (102).jpg,s002,2296,1724
cucumber_fresh,sujaykapadnis/cucumber-disease-recognition-dataset,CC BY 4.0,Cucumber Disease Recognition Dataset/Original Image/Original Image/Fresh Cucumber/Fresh Cucumber (12).jpg,s002,2296,1724
cucumber_fresh,sujaykapadnis/cucumber-disease-recognition-dataset,CC BY 4.0,Cucumber Disease Recognition Dataset/Original Image/Original Image/Fresh Cucumber/Fresh Cucumber (100).jpg,s002,2296,1724
cucumber_fresh,sujaykapadnis/cucumber-disease-recognition-dataset,CC BY 4.0,Cucumber Disease Recognition Dataset/Original Image/Original Image/Fresh Cucumber/Fresh Cucumber (67).jpg,s002,2296,1724
cucumber_fresh,sujaykapadnis/cucumber-disease-recognition-dataset,CC BY 4.0,Cucumber Disease Recognition Dataset/Original Image/Original Image/Fresh Cucumber/Fresh Cucumber (5).jpg,s002,2296,1724
cucumber_fresh,sujaykapadnis/cucumber-disease-recognition-dataset,CC BY 4.0,Cucumber Disease Recognition Dataset/Original Image/Original Image/Fresh Cucumber/Fresh Cucumber (140).jpg,s002,2296,1724
cucumber_fresh,sujaykapadnis/cucumber-disease-recognition-dataset,CC BY 4.0,Cucumber Disease Recognition Dataset/Original Image/Original Image/Fresh Cucumber/Fresh Cucumber (149).jpg,s002,2296,1724
cucumber_fresh,sujaykapadnis/cucumber-disease-recognition-dataset,CC BY 4.0,Cucumber Disease Recognition Dataset/Original Image/Original Image/Fresh Cucumber/Fresh Cucumber (8).jpg,s002,2296,1724
cucumber_fresh,sujaykapadnis/cucumber-disease-recognition-dataset,CC BY 4.0,Cucumber Disease Recognition Dataset/Original Image/Original Image/Fresh Cucumber/Fresh Cucumber (76).jpg,s002,2296,1724
cucumber_fresh,sujaykapadnis/cucumber-disease-recognition-dataset,CC BY 4.0,Cucumber Disease Recognition Dataset/Original Image/Original Image/Fresh Cucumber/Fresh Cucumber (46).jpg,s002,2296,1724
cucumber_fresh,sujaykapadnis/cucumber-disease-recognition-dataset,CC BY 4.0,Cucumber Disease Recognition Dataset/Original Image/Original Image/Fresh Cucumber/Fresh Cucumber (16).jpg,s002,2296,1724
cucumber_fresh,sujaykapadnis/cucumber-disease-recognition-dataset,CC BY 4.0,Cucumber Disease Recognition Dataset/Original Image/Original Image/Fresh Cucumber/Fresh Cucumber (35).jpg,s002,2296,1724
cucumber_fresh,sujaykapadnis/cucumber-disease-recognition-dataset,CC BY 4.0,Cucumber Disease Recognition Dataset/Original Image/Original Image/Fresh Cucumber/Fresh Cucumber (29).jpg,s002,2296,1724
cucumber_fresh,sujaykapadnis/cucumber-disease-recognition-dataset,CC BY 4.0,Cucumber Disease Recognition Dataset/Original Image/Original Image/Fresh Cucumber/Fresh Cucumber (113).jpg,s002,2296,1724
cucumber_fresh,sujaykapadnis/cucumber-disease-recognition-dataset,CC BY 4.0,Cucumber Disease Recognition Dataset/Original Image/Original Image/Fresh Cucumber/Fresh Cucumber (155).jpg,s002,2296,1724
cucumber_fresh,sujaykapadnis/cucumber-disease-recognition-dataset,CC BY 4.0,Cucumber Disease Recognition Dataset/Original Image/Original Image/Fresh Cucumber/Fresh Cucumber (88).jpg,s002,2296,1724
cucumber_fresh,sujaykapadnis/cucumber-disease-recognition-dataset,CC BY 4.0,Cucumber Disease Recognition Dataset/Original Image/Original Image/Fresh Cucumber/Fresh Cucumber (51).jpg,s002,2296,1724
cucumber_fresh,sujaykapadnis/cucumber-disease-recognition-dataset,CC BY 4.0,Cucumber Disease Recognition Dataset/Original Image/Original Image/Fresh Cucumber/Fresh Cucumber (158).jpg,s002,2296,1724
cucumber_fresh,sujaykapadnis/cucumber-disease-recognition-dataset,CC BY 4.0,Cucumber Disease Recognition Dataset/Original Image/Original Image/Fresh Cucumber/Fresh Cucumber (144).jpg,s002,2296,1724
cucumber_fresh,sujaykapadnis/cucumber-disease-recognition-dataset,CC BY 4.0,Cucumber Disease Recognition Dataset/Original Image/Original Image/Fresh Cucumber/Fresh Cucumber (134).jpg,s002,2296,1724
cucumber_fresh,sujaykapadnis/cucumber-disease-recognition-dataset,CC BY 4.0,Cucumber Disease Recognition Dataset/Original Image/Original Image/Fresh Cucumber/Fresh Cucumber (143).jpg,s002,2296,1724
cucumber_fresh,sujaykapadnis/cucumber-disease-recognition-dataset,CC BY 4.0,Cucumber Disease Recognition Dataset/Original Image/Original Image/Fresh Cucumber/Fresh Cucumber (82).jpg,s002,2296,1724
cucumber_fresh,sujaykapadnis/cucumber-disease-recognition-dataset,CC BY 4.0,Cucumber Disease Recognition Dataset/Original Image/Original Image/Fresh Cucumber/Fresh Cucumber (110).jpg,s002,2296,1724
cucumber_fresh,sujaykapadnis/cucumber-disease-recognition-dataset,CC BY 4.0,Cucumber Disease Recognition Dataset/Original Image/Original Image/Fresh Cucumber/Fresh Cucumber (159).jpg,s002,2296,1724
cucumber_fresh,sujaykapadnis/cucumber-disease-recognition-dataset,CC BY 4.0,Cucumber Disease Recognition Dataset/Original Image/Original Image/Fresh Cucumber/Fresh Cucumber (119).jpg,s002,2296,1724
cucumber_fresh,sujaykapadnis/cucumber-disease-recognition-dataset,CC BY 4.0,Cucumber Disease Recognition Dataset/Original Image/Original Image/Fresh Cucumber/Fresh Cucumber (148).jpg,s002,2296,1724
cucumber_fresh,sujaykapadnis/cucumber-disease-recognition-dataset,CC BY 4.0,Cucumber Disease Recognition Dataset/Original Image/Original Image/Fresh Cucumber/Fresh Cucumber (39).jpg,s002,2296,1724
cucumber_fresh,sujaykapadnis/cucumber-disease-recognition-dataset,CC BY 4.0,Cucumber Disease Recognition Dataset/Original Image/Original Image/Fresh Cucumber/Fresh Cucumber (61).jpg,s002,2296,1724
cucumber_fresh,sujaykapadnis/cucumber-disease-recognition-dataset,CC BY 4.0,Cucumber Disease Recognition Dataset/Original Image/Original Image/Fresh Cucumber/Fresh Cucumber (99).jpg,s002,2296,1724
cucumber_fresh,sujaykapadnis/cucumber-disease-recognition-dataset,CC BY 4.0,Cucumber Disease Recognition Dataset/Original Image/Original Image/Fresh Cucumber/Fresh Cucumber (132).jpg,s002,2296,1724
cucumber_fresh,sujaykapadnis/cucumber-disease-recognition-dataset,CC BY 4.0,Cucumber Disease Recognition Dataset/Original Image/Original Image/Fresh Cucumber/Fresh Cucumber (117).jpg,s002,2296,1724
cucumber_fresh,sujaykapadnis/cucumber-disease-recognition-dataset,CC BY 4.0,Cucumber Disease Recognition Dataset/Original Image/Original Image/Fresh Cucumber/Fresh Cucumber (104).jpg,s002,2296,1724
cucumber_fresh,sujaykapadnis/cucumber-disease-recognition-dataset,CC BY 4.0,Cucumber Disease Recognition Dataset/Original Image/Original Image/Fresh Cucumber/Fresh Cucumber (84).jpg,s002,2296,1724
cucumber_fresh,sujaykapadnis/cucumber-disease-recognition-dataset,CC BY 4.0,Cucumber Disease Recognition Dataset/Original Image/Original Image/Fresh Cucumber/Fresh Cucumber (70).jpg,s002,2296,1724
cucumber_fresh,sujaykapadnis/cucumber-disease-recognition-dataset,CC BY 4.0,Cucumber Disease Recognition Dataset/Original Image/Original Image/Fresh Cucumber/Fresh Cucumber (118).jpg,s002,2296,1724
cucumber_fresh,sujaykapadnis/cucumber-disease-recognition-dataset,CC BY 4.0,Cucumber Disease Recognition Dataset/Original Image/Original Image/Fresh Cucumber/Fresh Cucumber (72).jpg,s002,2296,1724
cucumber_fresh,sujaykapadnis/cucumber-disease-recognition-dataset,CC BY 4.0,Cucumber Disease Recognition Dataset/Original Image/Original Image/Fresh Cucumber/Fresh Cucumber (90).jpg,s002,2296,1724
cucumber_fresh,sujaykapadnis/cucumber-disease-recognition-dataset,CC BY 4.0,Cucumber Disease Recognition Dataset/Original Image/Original Image/Fresh Cucumber/Fresh Cucumber (78).jpg,s002,2296,1724
cucumber_fresh,sujaykapadnis/cucumber-disease-recognition-dataset,CC BY 4.0,Cucumber Disease Recognition Dataset/Original Image/Original Image/Fresh Cucumber/Fresh Cucumber (131).jpg,s002,2296,1724
cucumber_rotten,sujaykapadnis/cucumber-disease-recognition-dataset,CC BY 4.0,Cucumber Disease Recognition Dataset/Original Image/Original Image/Pythium Fruit Rot/Pythium Fruit Rot  (127).jpg,s003,2296,1724
cucumber_rotten,sujaykapadnis/cucumber-disease-recognition-dataset,CC BY 4.0,Cucumber Disease Recognition Dataset/Original Image/Original Image/Belly Rot/Belly Rot (100).jpg,s002,2296,1724
cucumber_rotten,sujaykapadnis/cucumber-disease-recognition-dataset,CC BY 4.0,Cucumber Disease Recognition Dataset/Original Image/Original Image/Pythium Fruit Rot/Pythium Fruit Rot  (149)(1).jpg,s004,2296,1724
cucumber_rotten,sujaykapadnis/cucumber-disease-recognition-dataset,CC BY 4.0,Cucumber Disease Recognition Dataset/Original Image/Original Image/Pythium Fruit Rot/Pythium Fruit Rot  (145)(1).jpg,s005,2296,1724
cucumber_rotten,sujaykapadnis/cucumber-disease-recognition-dataset,CC BY 4.0,Cucumber Disease Recognition Dataset/Original Image/Original Image/Pythium Fruit Rot/Pythium Fruit Rot  (136).jpg,s006,2296,1724
cucumber_rotten,sujaykapadnis/cucumber-disease-recognition-dataset,CC BY 4.0,Cucumber Disease Recognition Dataset/Original Image/Original Image/Pythium Fruit Rot/Pythium Fruit Rot  (115).jpg,s007,2296,1724
cucumber_rotten,sujaykapadnis/cucumber-disease-recognition-dataset,CC BY 4.0,Cucumber Disease Recognition Dataset/Original Image/Original Image/Pythium Fruit Rot/Pythium Fruit Rot  (142).jpg,s008,2296,1724
cucumber_rotten,sujaykapadnis/cucumber-disease-recognition-dataset,CC BY 4.0,Cucumber Disease Recognition Dataset/Original Image/Original Image/Pythium Fruit Rot/Pythium Fruit Rot  (146)(1).jpg,s009,2296,1724
cucumber_rotten,sujaykapadnis/cucumber-disease-recognition-dataset,CC BY 4.0,Cucumber Disease Recognition Dataset/Original Image/Original Image/Pythium Fruit Rot/Pythium Fruit Rot  (129).jpg,s010,2296,1724
cucumber_rotten,sujaykapadnis/cucumber-disease-recognition-dataset,CC BY 4.0,Cucumber Disease Recognition Dataset/Original Image/Original Image/Pythium Fruit Rot/Pythium Fruit Rot  (114).jpg,s011,2296,1724
cucumber_rotten,sujaykapadnis/cucumber-disease-recognition-dataset,CC BY 4.0,Cucumber Disease Recognition Dataset/Original Image/Original Image/Pythium Fruit Rot/Pythium Fruit Rot  (102).jpg,s012,2296,1724
cucumber_rotten,sujaykapadnis/cucumber-disease-recognition-dataset,CC BY 4.0,Cucumber Disease Recognition Dataset/Original Image/Original Image/Belly Rot/Belly Rot (51).jpg,s013,2296,1724
cucumber_rotten,sujaykapadnis/cucumber-disease-recognition-dataset,CC BY 4.0,Cucumber Disease Recognition Dataset/Original Image/Original Image/Pythium Fruit Rot/Pythium Fruit Rot  (26).jpg,s014,2296,1724
cucumber_rotten,sujaykapadnis/cucumber-disease-recognition-dataset,CC BY 4.0,Cucumber Disease Recognition Dataset/Original Image/Original Image/Pythium Fruit Rot/Pythium Fruit Rot  (137).jpg,s015,2296,1724
cucumber_rotten,sujaykapadnis/cucumber-disease-recognition-dataset,CC BY 4.0,Cucumber Disease Recognition Dataset/Original Image/Original Image/Pythium Fruit Rot/Pythium Fruit Rot  (123).jpg,s016,2296,1724
cucumber_rotten,sujaykapadnis/cucumber-disease-recognition-dataset,CC BY 4.0,Cucumber Disease Recognition Dataset/Original Image/Original Image/Pythium Fruit Rot/Pythium Fruit Rot  (89).jpg,s017,2296,1724
cucumber_rotten,sujaykapadnis/cucumber-disease-recognition-dataset,CC BY 4.0,Cucumber Disease Recognition Dataset/Original Image/Original Image/Pythium Fruit Rot/Pythium Fruit Rot  (125).jpg,s018,2296,1724
cucumber_rotten,sujaykapadnis/cucumber-disease-recognition-dataset,CC BY 4.0,Cucumber Disease Recognition Dataset/Original Image/Original Image/Pythium Fruit Rot/Pythium Fruit Rot  (62).jpg,s019,2296,1724
cucumber_rotten,sujaykapadnis/cucumber-disease-recognition-dataset,CC BY 4.0,Cucumber Disease Recognition Dataset/Original Image/Original Image/Pythium Fruit Rot/Pythium Fruit Rot  (43).jpg,s020,2296,1724
cucumber_rotten,sujaykapadnis/cucumber-disease-recognition-dataset,CC BY 4.0,Cucumber Disease Recognition Dataset/Original Image/Original Image/Pythium Fruit Rot/Pythium Fruit Rot  (96).jpg,s021,2296,1724
cucumber_rotten,sujaykapadnis/cucumber-disease-recognition-dataset,CC BY 4.0,Cucumber Disease Recognition Dataset/Original Image/Original Image/Pythium Fruit Rot/Pythium Fruit Rot  (60).jpg,s022,2296,1724
cucumber_rotten,sujaykapadnis/cucumber-disease-recognition-dataset,CC BY 4.0,Cucumber Disease Recognition Dataset/Original Image/Original Image/Pythium Fruit Rot/Pythium Fruit Rot  (141).jpg,s023,2296,1724
cucumber_rotten,sujaykapadnis/cucumber-disease-recognition-dataset,CC BY 4.0,Cucumber Disease Recognition Dataset/Original Image/Original Image/Pythium Fruit Rot/Pythium Fruit Rot  (78).jpg,s024,2296,1724
cucumber_rotten,sujaykapadnis/cucumber-disease-recognition-dataset,CC BY 4.0,Cucumber Disease Recognition Dataset/Original Image/Original Image/Pythium Fruit Rot/Pythium Fruit Rot  (77).jpg,s025,2296,1724
cucumber_rotten,sujaykapadnis/cucumber-disease-recognition-dataset,CC BY 4.0,Cucumber Disease Recognition Dataset/Original Image/Original Image/Pythium Fruit Rot/Pythium Fruit Rot  (67).jpg,s026,2296,1724
cucumber_rotten,sujaykapadnis/cucumber-disease-recognition-dataset,CC BY 4.0,Cucumber Disease Recognition Dataset/Original Image/Original Image/Belly Rot/Belly Rot (69).jpg,s027,2296,1724
cucumber_rotten,sujaykapadnis/cucumber-disease-recognition-dataset,CC BY 4.0,Cucumber Disease Recognition Dataset/Original Image/Original Image/Pythium Fruit Rot/Pythium Fruit Rot  (101).jpg,s028,2296,1724
cucumber_rotten,sujaykapadnis/cucumber-disease-recognition-dataset,CC BY 4.0,Cucumber Disease Recognition Dataset/Original Image/Original Image/Belly Rot/Belly Rot (94).jpg,s029,2296,1724
cucumber_rotten,sujaykapadnis/cucumber-disease-recognition-dataset,CC BY 4.0,Cucumber Disease Recognition Dataset/Original Image/Original Image/Pythium Fruit Rot/Pythium Fruit Rot  (122).jpg,s030,2296,1724
cucumber_rotten,sujaykapadnis/cucumber-disease-recognition-dataset,CC BY 4.0,Cucumber Disease Recognition Dataset/Original Image/Original Image/Pythium Fruit Rot/Pythium Fruit Rot  (116).jpg,s031,2296,1724
cucumber_rotten,sujaykapadnis/cucumber-disease-recognition-dataset,CC BY 4.0,Cucumber Disease Recognition Dataset/Original Image/Original Image/Pythium Fruit Rot/Pythium Fruit Rot  (130).jpg,s032,2296,1724
cucumber_rotten,sujaykapadnis/cucumber-disease-recognition-dataset,CC BY 4.0,Cucumber Disease Recognition Dataset/Original Image/Original Image/Pythium Fruit Rot/Pythium Fruit Rot  (148)(1).jpg,s033,2296,1724
cucumber_rotten,sujaykapadnis/cucumber-disease-recognition-dataset,CC BY 4.0,Cucumber Disease Recognition Dataset/Original Image/Original Image/Pythium Fruit Rot/Pythium Fruit Rot  (54).jpg,s034,2296,1724
cucumber_rotten,sujaykapadnis/cucumber-disease-recognition-dataset,CC BY 4.0,Cucumber Disease Recognition Dataset/Original Image/Original Image/Pythium Fruit Rot/Pythium Fruit Rot  (143).jpg,s035,2296,1724
cucumber_rotten,sujaykapadnis/cucumber-disease-recognition-dataset,CC BY 4.0,Cucumber Disease Recognition Dataset/Original Image/Original Image/Pythium Fruit Rot/Pythium Fruit Rot  (152)(1).jpg,s036,2296,1724
cucumber_rotten,sujaykapadnis/cucumber-disease-recognition-dataset,CC BY 4.0,Cucumber Disease Recognition Dataset/Original Image/Original Image/Pythium Fruit Rot/Pythium Fruit Rot  (57).jpg,s037,2296,1724
cucumber_rotten,sujaykapadnis/cucumber-disease-recognition-dataset,CC BY 4.0,Cucumber Disease Recognition Dataset/Original Image/Original Image/Pythium Fruit Rot/Pythium Fruit Rot  (36).jpg,s038,2296,1724
cucumber_rotten,sujaykapadnis/cucumber-disease-recognition-dataset,CC BY 4.0,Cucumber Disease Recognition Dataset/Original Image/Original Image/Pythium Fruit Rot/Pythium Fruit Rot  (138).jpg,s039,2296,1724
cucumber_rotten,sujaykapadnis/cucumber-disease-recognition-dataset,CC BY 4.0,Cucumber Disease Recognition Dataset/Original Image/Original Image/Belly Rot/Belly Rot (52).jpg,s040,2296,1724
cucumber_rotten,sujaykapadnis/cucumber-disease-recognition-dataset,CC BY 4.0,Cucumber Disease Recognition Dataset/Original Image/Original Image/Pythium Fruit Rot/Pythium Fruit Rot  (144)(1).jpg,s041,2296,1724
cucumber_rotten,sujaykapadnis/cucumber-disease-recognition-dataset,CC BY 4.0,Cucumber Disease Recognition Dataset/Original Image/Original Image/Pythium Fruit Rot/Pythium Fruit Rot  (151)(1).jpg,s042,2296,1724
cucumber_rotten,sujaykapadnis/cucumber-disease-recognition-dataset,CC BY 4.0,Cucumber Disease Recognition Dataset/Original Image/Original Image/Pythium Fruit Rot/Pythium Fruit Rot  (104).jpg,s007,2296,1724
cucumber_rotten,sujaykapadnis/cucumber-disease-recognition-dataset,CC BY 4.0,Cucumber Disease Recognition Dataset/Original Image/Original Image/Pythium Fruit Rot/Pythium Fruit Rot  (28).jpg,s014,2296,1724
cucumber_rotten,sujaykapadnis/cucumber-disease-recognition-dataset,CC BY 4.0,Cucumber Disease Recognition Dataset/Original Image/Original Image/Pythium Fruit Rot/Pythium Fruit Rot  (120).jpg,s016,2296,1724
cucumber_rotten,sujaykapadnis/cucumber-disease-recognition-dataset,CC BY 4.0,Cucumber Disease Recognition Dataset/Original Image/Original Image/Pythium Fruit Rot/Pythium Fruit Rot  (88).jpg,s017,2296,1724
cucumber_rotten,sujaykapadnis/cucumber-disease-recognition-dataset,CC BY 4.0,Cucumber Disease Recognition Dataset/Original Image/Original Image/Pythium Fruit Rot/Pythium Fruit Rot  (157).jpg,s018,2296,1724
cucumber_rotten,sujaykapadnis/cucumber-disease-recognition-dataset,CC BY 4.0,Cucumber Disease Recognition Dataset/Original Image/Original Image/Pythium Fruit Rot/Pythium Fruit Rot  (61).jpg,s019,2296,1724
cucumber_rotten,sujaykapadnis/cucumber-disease-recognition-dataset,CC BY 4.0,Cucumber Disease Recognition Dataset/Original Image/Original Image/Pythium Fruit Rot/Pythium Fruit Rot  (59).jpg,s022,2296,1724
cucumber_rotten,sujaykapadnis/cucumber-disease-recognition-dataset,CC BY 4.0,Cucumber Disease Recognition Dataset/Original Image/Original Image/Pythium Fruit Rot/Pythium Fruit Rot  (98).jpg,s028,2296,1724
cucumber_rotten,sujaykapadnis/cucumber-disease-recognition-dataset,CC BY 4.0,Cucumber Disease Recognition Dataset/Original Image/Original Image/Pythium Fruit Rot/Pythium Fruit Rot  (133).jpg,s032,2296,1724
cucumber_rotten,sujaykapadnis/cucumber-disease-recognition-dataset,CC BY 4.0,Cucumber Disease Recognition Dataset/Original Image/Original Image/Pythium Fruit Rot/Pythium Fruit Rot  (37).jpg,s038,2296,1724
cucumber_rotten,sujaykapadnis/cucumber-disease-recognition-dataset,CC BY 4.0,Cucumber Disease Recognition Dataset/Original Image/Original Image/Pythium Fruit Rot/Pythium Fruit Rot  (126).jpg,s041,2296,1724
cucumber_rotten,sujaykapadnis/cucumber-disease-recognition-dataset,CC BY 4.0,Cucumber Disease Recognition Dataset/Original Image/Original Image/Pythium Fruit Rot/Pythium Fruit Rot  (150)(1).jpg,s042,2296,1724
cucumber_rotten,sujaykapadnis/cucumber-disease-recognition-dataset,CC BY 4.0,Cucumber Disease Recognition Dataset/Original Image/Original Image/Pythium Fruit Rot/Pythium Fruit Rot  (27).jpg,s014,2296,1724
cucumber_rotten,sujaykapadnis/cucumber-disease-recognition-dataset,CC BY 4.0,Cucumber Disease Recognition Dataset/Original Image/Original Image/Pythium Fruit Rot/Pythium Fruit Rot  (124).jpg,s016,2296,1724
cucumber_rotten,sujaykapadnis/cucumber-disease-recognition-dataset,CC BY 4.0,Cucumber Disease Recognition Dataset/Original Image/Original Image/Pythium Fruit Rot/Pythium Fruit Rot  (87).jpg,s017,2296,1724
cucumber_rotten,sujaykapadnis/cucumber-disease-recognition-dataset,CC BY 4.0,Cucumber Disease Recognition Dataset/Original Image/Original Image/Pythium Fruit Rot/Pythium Fruit Rot  (153).jpg,s018,2296,1724
cucumber_rotten,sujaykapadnis/cucumber-disease-recognition-dataset,CC BY 4.0,Cucumber Disease Recognition Dataset/Original Image/Original Image/Pythium Fruit Rot/Pythium Fruit Rot  (34).jpg,s019,2296,1724
cucumber_rotten,sujaykapadnis/cucumber-disease-recognition-dataset,CC BY 4.0,Cucumber Disease Recognition Dataset/Original Image/Original Image/Pythium Fruit Rot/Pythium Fruit Rot  (119).jpg,s028,2296,1724
cucumber_rotten,sujaykapadnis/cucumber-disease-recognition-dataset,CC BY 4.0,Cucumber Disease Recognition Dataset/Original Image/Original Image/Pythium Fruit Rot/Pythium Fruit Rot  (135).jpg,s032,2296,1724
potato_fresh,mdatikurrahman3111/vegetables-quality-dataset-2,CC0 1.0,New Data/Good Quality Potato/(72).jpg,s043,1280,720
potato_fresh,mdatikurrahman3111/vegetables-quality-dataset-2,CC0 1.0,New Data/Good Quality Potato/(106).jpg,s044,720,1280
potato_fresh,mdatikurrahman3111/vegetables-quality-dataset-2,CC0 1.0,New Data/Good Quality Potato/(124).jpg,s045,1280,720
potato_fresh,mdatikurrahman3111/vegetables-quality-dataset-2,CC0 1.0,New Data/Good Quality Potato/(211).jpg,s046,1280,720
potato_fresh,mdatikurrahman3111/vegetables-quality-dataset-2,CC0 1.0,New Data/Good Quality Potato/(36).jpg,s046,720,1280
potato_fresh,mdatikurrahman3111/vegetables-quality-dataset-2,CC0 1.0,New Data/Good Quality Potato/(71).jpg,s046,1280,720
potato_fresh,mdatikurrahman3111/vegetables-quality-dataset-2,CC0 1.0,New Data/Good Quality Potato/(77).jpg,s046,1280,720
potato_fresh,mdatikurrahman3111/vegetables-quality-dataset-2,CC0 1.0,New Data/Good Quality Potato/(37).jpg,s046,1280,720
potato_fresh,mdatikurrahman3111/vegetables-quality-dataset-2,CC0 1.0,New Data/Good Quality Potato/(130).jpg,s046,1280,720
potato_fresh,mdatikurrahman3111/vegetables-quality-dataset-2,CC0 1.0,New Data/Good Quality Potato/(25).jpg,s046,1280,720
potato_fresh,mdatikurrahman3111/vegetables-quality-dataset-2,CC0 1.0,New Data/Good Quality Potato/(162).jpg,s046,1280,720
potato_fresh,mdatikurrahman3111/vegetables-quality-dataset-2,CC0 1.0,New Data/Good Quality Potato/(39).jpg,s046,1280,720
potato_fresh,mdatikurrahman3111/vegetables-quality-dataset-2,CC0 1.0,New Data/Good Quality Potato/(19).jpg,s046,1280,720
potato_fresh,mdatikurrahman3111/vegetables-quality-dataset-2,CC0 1.0,New Data/Good Quality Potato/(40).jpg,s046,1280,720
potato_fresh,mdatikurrahman3111/vegetables-quality-dataset-2,CC0 1.0,New Data/Good Quality Potato/(202).jpg,s046,1280,720
potato_fresh,mdatikurrahman3111/vegetables-quality-dataset-2,CC0 1.0,New Data/Good Quality Potato/(144).jpg,s046,1280,720
potato_fresh,mdatikurrahman3111/vegetables-quality-dataset-2,CC0 1.0,New Data/Good Quality Potato/(178).jpg,s046,1280,720
potato_fresh,mdatikurrahman3111/vegetables-quality-dataset-2,CC0 1.0,New Data/Good Quality Potato/(75).jpg,s046,1280,720
potato_fresh,mdatikurrahman3111/vegetables-quality-dataset-2,CC0 1.0,New Data/Good Quality Potato/(8).jpg,s046,1280,720
potato_fresh,mdatikurrahman3111/vegetables-quality-dataset-2,CC0 1.0,New Data/Good Quality Potato/(61).jpg,s046,1280,720
potato_fresh,mdatikurrahman3111/vegetables-quality-dataset-2,CC0 1.0,New Data/Good Quality Potato/(193).jpg,s046,1280,720
potato_fresh,mdatikurrahman3111/vegetables-quality-dataset-2,CC0 1.0,New Data/Good Quality Potato/(128).jpg,s046,1280,720
potato_fresh,mdatikurrahman3111/vegetables-quality-dataset-2,CC0 1.0,New Data/Good Quality Potato/(189).jpg,s046,1280,720
potato_fresh,mdatikurrahman3111/vegetables-quality-dataset-2,CC0 1.0,New Data/Good Quality Potato/(112).jpg,s046,1280,720
potato_fresh,mdatikurrahman3111/vegetables-quality-dataset-2,CC0 1.0,New Data/Good Quality Potato/(116).jpg,s046,1280,720
potato_fresh,mdatikurrahman3111/vegetables-quality-dataset-2,CC0 1.0,New Data/Good Quality Potato/(54).jpg,s046,1280,720
potato_fresh,mdatikurrahman3111/vegetables-quality-dataset-2,CC0 1.0,New Data/Good Quality Potato/(87).jpg,s046,720,1280
potato_fresh,mdatikurrahman3111/vegetables-quality-dataset-2,CC0 1.0,New Data/Good Quality Potato/(195).jpg,s046,1280,720
potato_fresh,mdatikurrahman3111/vegetables-quality-dataset-2,CC0 1.0,New Data/Good Quality Potato/(69).jpg,s046,1280,720
potato_fresh,mdatikurrahman3111/vegetables-quality-dataset-2,CC0 1.0,New Data/Good Quality Potato/(83).jpg,s046,1280,720
potato_fresh,mdatikurrahman3111/vegetables-quality-dataset-2,CC0 1.0,New Data/Good Quality Potato/(155).jpg,s046,1280,720
potato_fresh,mdatikurrahman3111/vegetables-quality-dataset-2,CC0 1.0,New Data/Good Quality Potato/(59).jpg,s046,1280,720
potato_fresh,mdatikurrahman3111/vegetables-quality-dataset-2,CC0 1.0,New Data/Good Quality Potato/(156).jpg,s046,1280,720
potato_fresh,mdatikurrahman3111/vegetables-quality-dataset-2,CC0 1.0,New Data/Good Quality Potato/(120).jpg,s046,1280,720
potato_fresh,mdatikurrahman3111/vegetables-quality-dataset-2,CC0 1.0,New Data/Good Quality Potato/(192).jpg,s046,1280,720
potato_fresh,mdatikurrahman3111/vegetables-quality-dataset-2,CC0 1.0,New Data/Good Quality Potato/(168).jpg,s046,1280,720
potato_fresh,mdatikurrahman3111/vegetables-quality-dataset-2,CC0 1.0,New Data/Good Quality Potato/(21).jpg,s046,1280,720
potato_fresh,mdatikurrahman3111/vegetables-quality-dataset-2,CC0 1.0,New Data/Good Quality Potato/(194).jpg,s046,1280,720
potato_fresh,mdatikurrahman3111/vegetables-quality-dataset-2,CC0 1.0,New Data/Good Quality Potato/(138).jpg,s046,1280,720
potato_fresh,mdatikurrahman3111/vegetables-quality-dataset-2,CC0 1.0,New Data/Good Quality Potato/(20).jpg,s046,1280,720
potato_fresh,mdatikurrahman3111/vegetables-quality-dataset-2,CC0 1.0,New Data/Good Quality Potato/(103).jpg,s046,1280,720
potato_fresh,mdatikurrahman3111/vegetables-quality-dataset-2,CC0 1.0,New Data/Good Quality Potato/(73).jpg,s046,720,1280
potato_fresh,mdatikurrahman3111/vegetables-quality-dataset-2,CC0 1.0,New Data/Good Quality Potato/(90).jpg,s046,1280,720
potato_fresh,mdatikurrahman3111/vegetables-quality-dataset-2,CC0 1.0,New Data/Good Quality Potato/(149).jpg,s046,1280,720
potato_fresh,mdatikurrahman3111/vegetables-quality-dataset-2,CC0 1.0,New Data/Good Quality Potato/(65).jpg,s046,720,1280
potato_fresh,mdatikurrahman3111/vegetables-quality-dataset-2,CC0 1.0,New Data/Good Quality Potato/(111).jpg,s046,720,1280
potato_fresh,mdatikurrahman3111/vegetables-quality-dataset-2,CC0 1.0,New Data/Good Quality Potato/(96).jpg,s046,1280,720
potato_fresh,mdatikurrahman3111/vegetables-quality-dataset-2,CC0 1.0,New Data/Good Quality Potato/(105).jpg,s046,720,1280
potato_fresh,mdatikurrahman3111/vegetables-quality-dataset-2,CC0 1.0,New Data/Good Quality Potato/(10).jpg,s046,1280,720
potato_fresh,mdatikurrahman3111/vegetables-quality-dataset-2,CC0 1.0,New Data/Good Quality Potato/(188).jpg,s046,1280,720
potato_fresh,mdatikurrahman3111/vegetables-quality-dataset-2,CC0 1.0,New Data/Good Quality Potato/(141).jpg,s046,720,1280
potato_fresh,mdatikurrahman3111/vegetables-quality-dataset-2,CC0 1.0,New Data/Good Quality Potato/(137).jpg,s046,1280,720
potato_fresh,mdatikurrahman3111/vegetables-quality-dataset-2,CC0 1.0,New Data/Good Quality Potato/(93).jpg,s046,1280,720
potato_fresh,mdatikurrahman3111/vegetables-quality-dataset-2,CC0 1.0,New Data/Good Quality Potato/(207).jpg,s046,1280,720
potato_fresh,mdatikurrahman3111/vegetables-quality-dataset-2,CC0 1.0,New Data/Good Quality Potato/(33).jpg,s046,1280,720
potato_fresh,mdatikurrahman3111/vegetables-quality-dataset-2,CC0 1.0,New Data/Good Quality Potato/(165).jpg,s046,1280,720
potato_fresh,mdatikurrahman3111/vegetables-quality-dataset-2,CC0 1.0,New Data/Good Quality Potato/(29).jpg,s046,1280,720
potato_fresh,mdatikurrahman3111/vegetables-quality-dataset-2,CC0 1.0,New Data/Good Quality Potato/(142).jpg,s046,1280,720
potato_fresh,mdatikurrahman3111/vegetables-quality-dataset-2,CC0 1.0,New Data/Good Quality Potato/(151).jpg,s046,1280,720
potato_fresh,mdatikurrahman3111/vegetables-quality-dataset-2,CC0 1.0,New Data/Good Quality Potato/(108).jpg,s046,1280,720
potato_rotten,mdatikurrahman3111/vegetables-quality-dataset-2,CC0 1.0,New Data/Bad Quality Potato/(194).jpg,s047,720,1280
potato_rotten,mdatikurrahman3111/vegetables-quality-dataset-2,CC0 1.0,New Data/Bad Quality Potato/(212).jpg,s048,720,1280
potato_rotten,mdatikurrahman3111/vegetables-quality-dataset-2,CC0 1.0,New Data/Bad Quality Potato/(93).jpg,s049,1280,720
potato_rotten,mdatikurrahman3111/vegetables-quality-dataset-2,CC0 1.0,New Data/Bad Quality Potato/(191).jpg,s050,1280,720
potato_rotten,mdatikurrahman3111/vegetables-quality-dataset-2,CC0 1.0,New Data/Bad Quality Potato/(34).jpg,s051,1280,720
potato_rotten,mdatikurrahman3111/vegetables-quality-dataset-2,CC0 1.0,New Data/Bad Quality Potato/(127).jpg,s052,1280,720
potato_rotten,mdatikurrahman3111/vegetables-quality-dataset-2,CC0 1.0,New Data/Bad Quality Potato/(202).jpg,s053,1280,720
potato_rotten,mdatikurrahman3111/vegetables-quality-dataset-2,CC0 1.0,New Data/Bad Quality Potato/(96).jpg,s054,1280,720
potato_rotten,mdatikurrahman3111/vegetables-quality-dataset-2,CC0 1.0,New Data/Bad Quality Potato/(107).jpg,s055,1280,720
potato_rotten,mdatikurrahman3111/vegetables-quality-dataset-2,CC0 1.0,New Data/Bad Quality Potato/(37).jpg,s056,720,1280
potato_rotten,mdatikurrahman3111/vegetables-quality-dataset-2,CC0 1.0,New Data/Bad Quality Potato/(110).jpg,s057,1280,720
potato_rotten,mdatikurrahman3111/vegetables-quality-dataset-2,CC0 1.0,New Data/Bad Quality Potato/(1).jpg,s058,1280,720
potato_rotten,mdatikurrahman3111/vegetables-quality-dataset-2,CC0 1.0,New Data/Bad Quality Potato/(242).jpg,s059,1280,720
potato_rotten,mdatikurrahman3111/vegetables-quality-dataset-2,CC0 1.0,New Data/Bad Quality Potato/(103).jpg,s060,1280,720
potato_rotten,mdatikurrahman3111/vegetables-quality-dataset-2,CC0 1.0,New Data/Bad Quality Potato/(28).jpg,s061,720,1280
potato_rotten,mdatikurrahman3111/vegetables-quality-dataset-2,CC0 1.0,New Data/Bad Quality Potato/(137).jpg,s062,1280,720
potato_rotten,mdatikurrahman3111/vegetables-quality-dataset-2,CC0 1.0,New Data/Bad Quality Potato/(149).jpg,s063,1280,720
potato_rotten,mdatikurrahman3111/vegetables-quality-dataset-2,CC0 1.0,New Data/Bad Quality Potato/(157).jpg,s064,1280,720
potato_rotten,mdatikurrahman3111/vegetables-quality-dataset-2,CC0 1.0,New Data/Bad Quality Potato/(177).jpg,s046,1280,720
potato_rotten,mdatikurrahman3111/vegetables-quality-dataset-2,CC0 1.0,New Data/Bad Quality Potato/(124).jpg,s065,720,1280
potato_rotten,mdatikurrahman3111/vegetables-quality-dataset-2,CC0 1.0,New Data/Bad Quality Potato/(66).jpg,s066,1280,720
potato_rotten,mdatikurrahman3111/vegetables-quality-dataset-2,CC0 1.0,New Data/Bad Quality Potato/(240).jpg,s067,1280,720
potato_rotten,mdatikurrahman3111/vegetables-quality-dataset-2,CC0 1.0,New Data/Bad Quality Potato/(186).jpg,s068,720,1280
potato_rotten,mdatikurrahman3111/vegetables-quality-dataset-2,CC0 1.0,New Data/Bad Quality Potato/(108).jpg,s069,720,1280
potato_rotten,mdatikurrahman3111/vegetables-quality-dataset-2,CC0 1.0,New Data/Bad Quality Potato/(118).jpg,s070,1280,720
potato_rotten,mdatikurrahman3111/vegetables-quality-dataset-2,CC0 1.0,New Data/Bad Quality Potato/(175).jpg,s071,1280,720
potato_rotten,mdatikurrahman3111/vegetables-quality-dataset-2,CC0 1.0,New Data/Bad Quality Potato/(33).jpg,s072,720,1280
potato_rotten,mdatikurrahman3111/vegetables-quality-dataset-2,CC0 1.0,New Data/Bad Quality Potato/(111).jpg,s073,1280,720
potato_rotten,mdatikurrahman3111/vegetables-quality-dataset-2,CC0 1.0,New Data/Bad Quality Potato/(44).jpg,s074,1280,720
potato_rotten,mdatikurrahman3111/vegetables-quality-dataset-2,CC0 1.0,New Data/Bad Quality Potato/(170).jpg,s075,1280,720
potato_rotten,mdatikurrahman3111/vegetables-quality-dataset-2,CC0 1.0,New Data/Bad Quality Potato/(116).jpg,s076,1280,720
potato_rotten,mdatikurrahman3111/vegetables-quality-dataset-2,CC0 1.0,New Data/Bad Quality Potato/(120).jpg,s077,1280,720
potato_rotten,mdatikurrahman3111/vegetables-quality-dataset-2,CC0 1.0,New Data/Bad Quality Potato/(189).jpg,s078,1280,720
potato_rotten,mdatikurrahman3111/vegetables-quality-dataset-2,CC0 1.0,New Data/Bad Quality Potato/(178).jpg,s079,1280,720
potato_rotten,mdatikurrahman3111/vegetables-quality-dataset-2,CC0 1.0,New Data/Bad Quality Potato/(39).jpg,s080,720,1280
potato_rotten,mdatikurrahman3111/vegetables-quality-dataset-2,CC0 1.0,New Data/Bad Quality Potato/(199).jpg,s081,1280,720
potato_rotten,mdatikurrahman3111/vegetables-quality-dataset-2,CC0 1.0,New Data/Bad Quality Potato/(198).jpg,s082,720,1280
potato_rotten,mdatikurrahman3111/vegetables-quality-dataset-2,CC0 1.0,New Data/Bad Quality Potato/(168).jpg,s083,1280,720
potato_rotten,mdatikurrahman3111/vegetables-quality-dataset-2,CC0 1.0,New Data/Bad Quality Potato/(104).jpg,s084,1280,720
potato_rotten,mdatikurrahman3111/vegetables-quality-dataset-2,CC0 1.0,New Data/Bad Quality Potato/(147).jpg,s085,720,1280
potato_rotten,mdatikurrahman3111/vegetables-quality-dataset-2,CC0 1.0,New Data/Bad Quality Potato/(74).jpg,s086,1280,720
potato_rotten,mdatikurrahman3111/vegetables-quality-dataset-2,CC0 1.0,New Data/Bad Quality Potato/(46).jpg,s087,1280,720
potato_rotten,mdatikurrahman3111/vegetables-quality-dataset-2,CC0 1.0,New Data/Bad Quality Potato/(105).jpg,s088,1280,720
potato_rotten,mdatikurrahman3111/vegetables-quality-dataset-2,CC0 1.0,New Data/Bad Quality Potato/(227).jpg,s048,720,1280
potato_rotten,mdatikurrahman3111/vegetables-quality-dataset-2,CC0 1.0,New Data/Bad Quality Potato/(29).jpg,s056,720,1280
potato_rotten,mdatikurrahman3111/vegetables-quality-dataset-2,CC0 1.0,New Data/Bad Quality Potato/(69).jpg,s059,1280,720
potato_rotten,mdatikurrahman3111/vegetables-quality-dataset-2,CC0 1.0,New Data/Bad Quality Potato/(129).jpg,s061,720,1280
potato_rotten,mdatikurrahman3111/vegetables-quality-dataset-2,CC0 1.0,New Data/Bad Quality Potato/(184).jpg,s064,720,1280
potato_rotten,mdatikurrahman3111/vegetables-quality-dataset-2,CC0 1.0,New Data/Bad Quality Potato/(98).jpg,s066,1280,720
potato_rotten,mdatikurrahman3111/vegetables-quality-dataset-2,CC0 1.0,New Data/Bad Quality Potato/(162).jpg,s071,1280,720
potato_rotten,mdatikurrahman3111/vegetables-quality-dataset-2,CC0 1.0,New Data/Bad Quality Potato/(30).jpg,s072,720,1280
potato_rotten,mdatikurrahman3111/vegetables-quality-dataset-2,CC0 1.0,New Data/Bad Quality Potato/(160).jpg,s075,720,1280
potato_rotten,mdatikurrahman3111/vegetables-quality-dataset-2,CC0 1.0,New Data/Bad Quality Potato/(132).jpg,s077,1280,720
potato_rotten,mdatikurrahman3111/vegetables-quality-dataset-2,CC0 1.0,New Data/Bad Quality Potato/(42).jpg,s080,720,1280
potato_rotten,mdatikurrahman3111/vegetables-quality-dataset-2,CC0 1.0,New Data/Bad Quality Potato/(17).jpg,s081,1280,720
potato_rotten,mdatikurrahman3111/vegetables-quality-dataset-2,CC0 1.0,New Data/Bad Quality Potato/(210).jpg,s082,720,1280
potato_rotten,mdatikurrahman3111/vegetables-quality-dataset-2,CC0 1.0,New Data/Bad Quality Potato/(20).jpg,s085,1280,720
potato_rotten,mdatikurrahman3111/vegetables-quality-dataset-2,CC0 1.0,New Data/Bad Quality Potato/(48).jpg,s088,1280,720
potato_rotten,mdatikurrahman3111/vegetables-quality-dataset-2,CC0 1.0,New Data/Bad Quality Potato/(27).jpg,s056,1280,720
potato_rotten,mdatikurrahman3111/vegetables-quality-dataset-2,CC0 1.0,New Data/Bad Quality Potato/(35).jpg,s061,720,1280
tomato_fresh,mdatikurrahman3111/vegetables-quality-dataset-2,CC0 1.0,New Data/Good Quality Tomato/(141).jpg,s089,1280,720
tomato_fresh,mdatikurrahman3111/vegetables-quality-dataset-2,CC0 1.0,New Data/Good Quality Tomato/(23).jpg,s046,720,1280
tomato_fresh,mdatikurrahman3111/vegetables-quality-dataset-2,CC0 1.0,New Data/Good Quality Tomato/(114).jpg,s046,1280,720
tomato_fresh,mdatikurrahman3111/vegetables-quality-dataset-2,CC0 1.0,New Data/Good Quality Tomato/(201).jpg,s046,1280,720
tomato_fresh,mdatikurrahman3111/vegetables-quality-dataset-2,CC0 1.0,New Data/Good Quality Tomato/(143).jpg,s046,1280,720
tomato_fresh,mdatikurrahman3111/vegetables-quality-dataset-2,CC0 1.0,New Data/Good Quality Tomato/(128).jpg,s046,1280,720
tomato_fresh,mdatikurrahman3111/vegetables-quality-dataset-2,CC0 1.0,New Data/Good Quality Tomato/(90).jpg,s046,1280,720
tomato_fresh,mdatikurrahman3111/vegetables-quality-dataset-2,CC0 1.0,New Data/Good Quality Tomato/(243).jpg,s046,1280,720
tomato_fresh,mdatikurrahman3111/vegetables-quality-dataset-2,CC0 1.0,New Data/Good Quality Tomato/(120).jpg,s046,720,1280
tomato_fresh,mdatikurrahman3111/vegetables-quality-dataset-2,CC0 1.0,New Data/Good Quality Tomato/(156).jpg,s046,720,1280
tomato_fresh,mdatikurrahman3111/vegetables-quality-dataset-2,CC0 1.0,New Data/Good Quality Tomato/(175).jpg,s046,1280,720
tomato_fresh,mdatikurrahman3111/vegetables-quality-dataset-2,CC0 1.0,New Data/Good Quality Tomato/(183).jpg,s046,720,1280
tomato_fresh,mdatikurrahman3111/vegetables-quality-dataset-2,CC0 1.0,New Data/Good Quality Tomato/(281).jpg,s046,1280,720
tomato_fresh,mdatikurrahman3111/vegetables-quality-dataset-2,CC0 1.0,New Data/Good Quality Tomato/(124).jpg,s046,720,1280
tomato_fresh,mdatikurrahman3111/vegetables-quality-dataset-2,CC0 1.0,New Data/Good Quality Tomato/(146).jpg,s046,1280,720
tomato_fresh,mdatikurrahman3111/vegetables-quality-dataset-2,CC0 1.0,New Data/Good Quality Tomato/(231).jpg,s046,720,1280
tomato_fresh,mdatikurrahman3111/vegetables-quality-dataset-2,CC0 1.0,New Data/Good Quality Tomato/(195).jpg,s046,720,1280
tomato_fresh,mdatikurrahman3111/vegetables-quality-dataset-2,CC0 1.0,New Data/Good Quality Tomato/(211).jpg,s046,1280,720
tomato_fresh,mdatikurrahman3111/vegetables-quality-dataset-2,CC0 1.0,New Data/Good Quality Tomato/(357).jpg,s046,720,1280
tomato_fresh,mdatikurrahman3111/vegetables-quality-dataset-2,CC0 1.0,New Data/Good Quality Tomato/(179).jpg,s046,1280,720
tomato_fresh,mdatikurrahman3111/vegetables-quality-dataset-2,CC0 1.0,New Data/Good Quality Tomato/(250).jpg,s046,1280,720
tomato_fresh,mdatikurrahman3111/vegetables-quality-dataset-2,CC0 1.0,New Data/Good Quality Tomato/(65).jpg,s046,1280,720
tomato_fresh,mdatikurrahman3111/vegetables-quality-dataset-2,CC0 1.0,New Data/Good Quality Tomato/(252).jpg,s046,720,1280
tomato_fresh,mdatikurrahman3111/vegetables-quality-dataset-2,CC0 1.0,New Data/Good Quality Tomato/(220).jpg,s046,720,1280
tomato_fresh,mdatikurrahman3111/vegetables-quality-dataset-2,CC0 1.0,New Data/Good Quality Tomato/(266).jpg,s046,720,1280
tomato_fresh,mdatikurrahman3111/vegetables-quality-dataset-2,CC0 1.0,New Data/Good Quality Tomato/(101).jpg,s046,1280,720
tomato_fresh,mdatikurrahman3111/vegetables-quality-dataset-2,CC0 1.0,New Data/Good Quality Tomato/(77).jpg,s046,1280,720
tomato_fresh,mdatikurrahman3111/vegetables-quality-dataset-2,CC0 1.0,New Data/Good Quality Tomato/(196).jpg,s046,720,1280
tomato_fresh,mdatikurrahman3111/vegetables-quality-dataset-2,CC0 1.0,New Data/Good Quality Tomato/(399).jpg,s046,720,1280
tomato_fresh,mdatikurrahman3111/vegetables-quality-dataset-2,CC0 1.0,New Data/Good Quality Tomato/(17).jpg,s046,1280,720
tomato_fresh,mdatikurrahman3111/vegetables-quality-dataset-2,CC0 1.0,New Data/Good Quality Tomato/(104).jpg,s046,720,1280
tomato_fresh,mdatikurrahman3111/vegetables-quality-dataset-2,CC0 1.0,New Data/Good Quality Tomato/(140).jpg,s046,1280,720
tomato_fresh,mdatikurrahman3111/vegetables-quality-dataset-2,CC0 1.0,New Data/Good Quality Tomato/(131).jpg,s046,1280,720
tomato_fresh,mdatikurrahman3111/vegetables-quality-dataset-2,CC0 1.0,New Data/Good Quality Tomato/(200).jpg,s046,1280,720
tomato_fresh,mdatikurrahman3111/vegetables-quality-dataset-2,CC0 1.0,New Data/Good Quality Tomato/(379).jpg,s046,720,1280
tomato_fresh,mdatikurrahman3111/vegetables-quality-dataset-2,CC0 1.0,New Data/Good Quality Tomato/(13).jpg,s046,1280,720
tomato_fresh,mdatikurrahman3111/vegetables-quality-dataset-2,CC0 1.0,New Data/Good Quality Tomato/(71).jpg,s046,1280,720
tomato_fresh,mdatikurrahman3111/vegetables-quality-dataset-2,CC0 1.0,New Data/Good Quality Tomato/(133).jpg,s046,720,1280
tomato_fresh,mdatikurrahman3111/vegetables-quality-dataset-2,CC0 1.0,New Data/Good Quality Tomato/(247).jpg,s046,1280,720
tomato_fresh,mdatikurrahman3111/vegetables-quality-dataset-2,CC0 1.0,New Data/Good Quality Tomato/(235).jpg,s046,1280,720
tomato_fresh,mdatikurrahman3111/vegetables-quality-dataset-2,CC0 1.0,New Data/Good Quality Tomato/(171).jpg,s046,1280,720
tomato_fresh,mdatikurrahman3111/vegetables-quality-dataset-2,CC0 1.0,New Data/Good Quality Tomato/(212).jpg,s046,1280,720
tomato_fresh,mdatikurrahman3111/vegetables-quality-dataset-2,CC0 1.0,New Data/Good Quality Tomato/(210).jpg,s046,1280,720
tomato_fresh,mdatikurrahman3111/vegetables-quality-dataset-2,CC0 1.0,New Data/Good Quality Tomato/(2).jpg,s046,1280,720
tomato_fresh,mdatikurrahman3111/vegetables-quality-dataset-2,CC0 1.0,New Data/Good Quality Tomato/(70).jpg,s046,1280,720
tomato_fresh,mdatikurrahman3111/vegetables-quality-dataset-2,CC0 1.0,New Data/Good Quality Tomato/(221).jpg,s046,720,1280
tomato_fresh,mdatikurrahman3111/vegetables-quality-dataset-2,CC0 1.0,New Data/Good Quality Tomato/(383).jpg,s046,720,1280
tomato_fresh,mdatikurrahman3111/vegetables-quality-dataset-2,CC0 1.0,New Data/Good Quality Tomato/(187).jpg,s046,1280,720
tomato_fresh,mdatikurrahman3111/vegetables-quality-dataset-2,CC0 1.0,New Data/Good Quality Tomato/(126).jpg,s046,1280,720
tomato_fresh,mdatikurrahman3111/vegetables-quality-dataset-2,CC0 1.0,New Data/Good Quality Tomato/(382).jpg,s046,720,1280
tomato_fresh,mdatikurrahman3111/vegetables-quality-dataset-2,CC0 1.0,New Data/Good Quality Tomato/(168).jpg,s046,1280,720
tomato_fresh,mdatikurrahman3111/vegetables-quality-dataset-2,CC0 1.0,New Data/Good Quality Tomato/(400).jpg,s046,1280,720
tomato_fresh,mdatikurrahman3111/vegetables-quality-dataset-2,CC0 1.0,New Data/Good Quality Tomato/(378).jpg,s046,1280,720
tomato_fresh,mdatikurrahman3111/vegetables-quality-dataset-2,CC0 1.0,New Data/Good Quality Tomato/(15).jpg,s046,1280,720
tomato_fresh,mdatikurrahman3111/vegetables-quality-dataset-2,CC0 1.0,New Data/Good Quality Tomato/(184).jpg,s046,720,1280
tomato_fresh,mdatikurrahman3111/vegetables-quality-dataset-2,CC0 1.0,New Data/Good Quality Tomato/(162).jpg,s046,720,1280
tomato_fresh,mdatikurrahman3111/vegetables-quality-dataset-2,CC0 1.0,New Data/Good Quality Tomato/(103).jpg,s046,1280,720
tomato_fresh,mdatikurrahman3111/vegetables-quality-dataset-2,CC0 1.0,New Data/Good Quality Tomato/(178).jpg,s046,1280,720
tomato_fresh,mdatikurrahman3111/vegetables-quality-dataset-2,CC0 1.0,New Data/Good Quality Tomato/(100).jpg,s046,720,1280
tomato_fresh,mdatikurrahman3111/vegetables-quality-dataset-2,CC0 1.0,New Data/Good Quality Tomato/(11).jpg,s046,1280,720
tomato_rotten,mdatikurrahman3111/vegetables-quality-dataset-2,CC0 1.0,New Data/Bad Quality Tomato/(196).jpg,s090,1280,720
tomato_rotten,mdatikurrahman3111/vegetables-quality-dataset-2,CC0 1.0,New Data/Bad Quality Tomato/(117).jpg,s091,720,1280
tomato_rotten,mdatikurrahman3111/vegetables-quality-dataset-2,CC0 1.0,New Data/Bad Quality Tomato/(17).jpg,s092,1280,720
tomato_rotten,mdatikurrahman3111/vegetables-quality-dataset-2,CC0 1.0,New Data/Bad Quality Tomato/(198).jpg,s093,1280,720
tomato_rotten,mdatikurrahman3111/vegetables-quality-dataset-2,CC0 1.0,New Data/Bad Quality Tomato/(207).jpg,s094,720,1280
tomato_rotten,mdatikurrahman3111/vegetables-quality-dataset-2,CC0 1.0,New Data/Bad Quality Tomato/(202).jpg,s095,720,1280
tomato_rotten,mdatikurrahman3111/vegetables-quality-dataset-2,CC0 1.0,New Data/Bad Quality Tomato/(190).jpg,s096,720,1280
tomato_rotten,mdatikurrahman3111/vegetables-quality-dataset-2,CC0 1.0,New Data/Bad Quality Tomato/(108).jpg,s097,1280,720
tomato_rotten,mdatikurrahman3111/vegetables-quality-dataset-2,CC0 1.0,New Data/Bad Quality Tomato/(270).jpg,s098,720,1280
tomato_rotten,mdatikurrahman3111/vegetables-quality-dataset-2,CC0 1.0,New Data/Bad Quality Tomato/(126).jpg,s099,1280,720
tomato_rotten,mdatikurrahman3111/vegetables-quality-dataset-2,CC0 1.0,New Data/Bad Quality Tomato/(162).jpg,s100,1280,720
tomato_rotten,mdatikurrahman3111/vegetables-quality-dataset-2,CC0 1.0,New Data/Bad Quality Tomato/(4).jpg,s101,720,1280
tomato_rotten,mdatikurrahman3111/vegetables-quality-dataset-2,CC0 1.0,New Data/Bad Quality Tomato/(12).jpg,s102,1280,720
tomato_rotten,mdatikurrahman3111/vegetables-quality-dataset-2,CC0 1.0,New Data/Bad Quality Tomato/(9).jpg,s046,1280,720
tomato_rotten,mdatikurrahman3111/vegetables-quality-dataset-2,CC0 1.0,New Data/Bad Quality Tomato/(14).jpg,s091,1280,720
tomato_rotten,mdatikurrahman3111/vegetables-quality-dataset-2,CC0 1.0,New Data/Bad Quality Tomato/(187).jpg,s092,1280,720
tomato_rotten,mdatikurrahman3111/vegetables-quality-dataset-2,CC0 1.0,New Data/Bad Quality Tomato/(206).jpg,s097,720,1280
tomato_rotten,mdatikurrahman3111/vegetables-quality-dataset-2,CC0 1.0,New Data/Bad Quality Tomato/(226).jpg,s101,720,1280
tomato_rotten,mdatikurrahman3111/vegetables-quality-dataset-2,CC0 1.0,New Data/Bad Quality Tomato/(85).jpg,s046,1280,720
tomato_rotten,mdatikurrahman3111/vegetables-quality-dataset-2,CC0 1.0,New Data/Bad Quality Tomato/(120).jpg,s091,1280,720
tomato_rotten,mdatikurrahman3111/vegetables-quality-dataset-2,CC0 1.0,New Data/Bad Quality Tomato/(103).jpg,s097,1280,720
tomato_rotten,mdatikurrahman3111/vegetables-quality-dataset-2,CC0 1.0,New Data/Bad Quality Tomato/(221).jpg,s101,720,1280
tomato_rotten,mdatikurrahman3111/vegetables-quality-dataset-2,CC0 1.0,New Data/Bad Quality Tomato/(179).jpg,s046,1280,720
tomato_rotten,mdatikurrahman3111/vegetables-quality-dataset-2,CC0 1.0,New Data/Bad Quality Tomato/(125).jpg,s091,1280,720
tomato_rotten,mdatikurrahman3111/vegetables-quality-dataset-2,CC0 1.0,New Data/Bad Quality Tomato/(195).jpg,s046,1280,720
tomato_rotten,mdatikurrahman3111/vegetables-quality-dataset-2,CC0 1.0,New Data/Bad Quality Tomato/(115).jpg,s091,1280,720
tomato_rotten,mdatikurrahman3111/vegetables-quality-dataset-2,CC0 1.0,New Data/Bad Quality Tomato/(213).jpg,s046,1280,720
tomato_rotten,mdatikurrahman3111/vegetables-quality-dataset-2,CC0 1.0,New Data/Bad Quality Tomato/(135).jpg,s046,1280,720
tomato_rotten,mdatikurrahman3111/vegetables-quality-dataset-2,CC0 1.0,New Data/Bad Quality Tomato/(199).jpg,s046,720,1280
tomato_rotten,mdatikurrahman3111/vegetables-quality-dataset-2,CC0 1.0,New Data/Bad Quality Tomato/(2).jpg,s046,1280,720
tomato_rotten,mdatikurrahman3111/vegetables-quality-dataset-2,CC0 1.0,New Data/Bad Quality Tomato/(24).jpg,s046,720,1280
tomato_rotten,mdatikurrahman3111/vegetables-quality-dataset-2,CC0 1.0,New Data/Bad Quality Tomato/(184).jpg,s046,1280,720
tomato_rotten,mdatikurrahman3111/vegetables-quality-dataset-2,CC0 1.0,New Data/Bad Quality Tomato/(155).jpg,s046,1280,720
tomato_rotten,mdatikurrahman3111/vegetables-quality-dataset-2,CC0 1.0,New Data/Bad Quality Tomato/(146).jpg,s046,720,1280
tomato_rotten,mdatikurrahman3111/vegetables-quality-dataset-2,CC0 1.0,New Data/Bad Quality Tomato/(214).jpg,s046,720,1280
tomato_rotten,mdatikurrahman3111/vegetables-quality-dataset-2,CC0 1.0,New Data/Bad Quality Tomato/(167).jpg,s046,1280,720
tomato_rotten,mdatikurrahman3111/vegetables-quality-dataset-2,CC0 1.0,New Data/Bad Quality Tomato/(188).jpg,s046,1280,720
tomato_rotten,mdatikurrahman3111/vegetables-quality-dataset-2,CC0 1.0,New Data/Bad Quality Tomato/(148).jpg,s046,1280,720
tomato_rotten,mdatikurrahman3111/vegetables-quality-dataset-2,CC0 1.0,New Data/Bad Quality Tomato/(158).jpg,s046,1280,720
tomato_rotten,mdatikurrahman3111/vegetables-quality-dataset-2,CC0 1.0,New Data/Bad Quality Tomato/(132).jpg,s046,1280,720
tomato_rotten,mdatikurrahman3111/vegetables-quality-dataset-2,CC0 1.0,New Data/Bad Quality Tomato/(216).jpg,s046,1280,720
tomato_rotten,mdatikurrahman3111/vegetables-quality-dataset-2,CC0 1.0,New Data/Bad Quality Tomato/(137).jpg,s046,720,1280
tomato_rotten,mdatikurrahman3111/vegetables-quality-dataset-2,CC0 1.0,New Data/Bad Quality Tomato/(201).jpg,s046,1280,720
tomato_rotten,mdatikurrahman3111/vegetables-quality-dataset-2,CC0 1.0,New Data/Bad Quality Tomato/(172).jpg,s046,1280,720
tomato_rotten,mdatikurrahman3111/vegetables-quality-dataset-2,CC0 1.0,New Data/Bad Quality Tomato/(3).jpg,s046,720,1280
tomato_rotten,mdatikurrahman3111/vegetables-quality-dataset-2,CC0 1.0,New Data/Bad Quality Tomato/(194).jpg,s046,1280,720
tomato_rotten,mdatikurrahman3111/vegetables-quality-dataset-2,CC0 1.0,New Data/Bad Quality Tomato/(152).jpg,s046,1280,720
tomato_rotten,mdatikurrahman3111/vegetables-quality-dataset-2,CC0 1.0,New Data/Bad Quality Tomato/(192).jpg,s046,1280,720
tomato_rotten,mdatikurrahman3111/vegetables-quality-dataset-2,CC0 1.0,New Data/Bad Quality Tomato/(161).jpg,s046,1280,720
tomato_rotten,mdatikurrahman3111/vegetables-quality-dataset-2,CC0 1.0,New Data/Bad Quality Tomato/(86).jpg,s046,1280,720
tomato_rotten,mdatikurrahman3111/vegetables-quality-dataset-2,CC0 1.0,New Data/Bad Quality Tomato/(223).jpg,s046,1280,720
tomato_rotten,mdatikurrahman3111/vegetables-quality-dataset-2,CC0 1.0,New Data/Bad Quality Tomato/(203).jpg,s046,1280,720
tomato_rotten,mdatikurrahman3111/vegetables-quality-dataset-2,CC0 1.0,New Data/Bad Quality Tomato/(100).jpg,s046,1280,720
tomato_rotten,mdatikurrahman3111/vegetables-quality-dataset-2,CC0 1.0,New Data/Bad Quality Tomato/(151).jpg,s046,1280,720
tomato_rotten,mdatikurrahman3111/vegetables-quality-dataset-2,CC0 1.0,New Data/Bad Quality Tomato/(109).jpg,s046,1280,720
tomato_rotten,mdatikurrahman3111/vegetables-quality-dataset-2,CC0 1.0,New Data/Bad Quality Tomato/(105).jpg,s046,1280,720
tomato_rotten,mdatikurrahman3111/vegetables-quality-dataset-2,CC0 1.0,New Data/Bad Quality Tomato/(58).jpg,s046,720,1280
tomato_rotten,mdatikurrahman3111/vegetables-quality-dataset-2,CC0 1.0,New Data/Bad Quality Tomato/(168).jpg,s046,1280,720
tomato_rotten,mdatikurrahman3111/vegetables-quality-dataset-2,CC0 1.0,New Data/Bad Quality Tomato/(150).jpg,s046,1280,720
tomato_rotten,mdatikurrahman3111/vegetables-quality-dataset-2,CC0 1.0,New Data/Bad Quality Tomato/(175).jpg,s046,1280,720
carrot_fresh,mdatikurrahman3111/vegetables-quality-dataset-2,CC0 1.0,New Data/Good Quality Carrot/(56).jpg,s103,720,1280
carrot_fresh,mdatikurrahman3111/vegetables-quality-dataset-2,CC0 1.0,New Data/Good Quality Carrot/(264).jpg,s104,720,1280
carrot_fresh,mdatikurrahman3111/vegetables-quality-dataset-2,CC0 1.0,New Data/Good Quality Carrot/(31).jpg,s105,1280,720
carrot_fresh,mdatikurrahman3111/vegetables-quality-dataset-2,CC0 1.0,New Data/Good Quality Carrot/(149).jpg,s106,720,1280
carrot_fresh,mdatikurrahman3111/vegetables-quality-dataset-2,CC0 1.0,New Data/Good Quality Carrot/(42).jpg,s107,720,1280
carrot_fresh,mdatikurrahman3111/vegetables-quality-dataset-2,CC0 1.0,New Data/Good Quality Carrot/(157).jpg,s108,1280,720
carrot_fresh,mdatikurrahman3111/vegetables-quality-dataset-2,CC0 1.0,New Data/Good Quality Carrot/(20).jpg,s109,1280,720
carrot_fresh,mdatikurrahman3111/vegetables-quality-dataset-2,CC0 1.0,New Data/Good Quality Carrot/(254).jpg,s110,720,1280
carrot_fresh,mdatikurrahman3111/vegetables-quality-dataset-2,CC0 1.0,New Data/Good Quality Carrot/(263).jpg,s111,1280,720
carrot_fresh,mdatikurrahman3111/vegetables-quality-dataset-2,CC0 1.0,New Data/Good Quality Carrot/(284).jpg,s112,1280,720
carrot_fresh,mdatikurrahman3111/vegetables-quality-dataset-2,CC0 1.0,New Data/Good Quality Carrot/(40).jpg,s113,720,1280
carrot_fresh,mdatikurrahman3111/vegetables-quality-dataset-2,CC0 1.0,New Data/Good Quality Carrot/(257).jpg,s114,1280,720
carrot_fresh,mdatikurrahman3111/vegetables-quality-dataset-2,CC0 1.0,New Data/Good Quality Carrot/(142).jpg,s115,1280,720
carrot_fresh,mdatikurrahman3111/vegetables-quality-dataset-2,CC0 1.0,New Data/Good Quality Carrot/(35).jpg,s116,1280,720
carrot_fresh,mdatikurrahman3111/vegetables-quality-dataset-2,CC0 1.0,New Data/Good Quality Carrot/(317).jpg,s046,720,1280
carrot_fresh,mdatikurrahman3111/vegetables-quality-dataset-2,CC0 1.0,New Data/Good Quality Carrot/(66).jpg,s117,1280,720
carrot_fresh,mdatikurrahman3111/vegetables-quality-dataset-2,CC0 1.0,New Data/Good Quality Carrot/(153).jpg,s104,1280,720
carrot_fresh,mdatikurrahman3111/vegetables-quality-dataset-2,CC0 1.0,New Data/Good Quality Carrot/(23).jpg,s107,720,1280
carrot_fresh,mdatikurrahman3111/vegetables-quality-dataset-2,CC0 1.0,New Data/Good Quality Carrot/(58).jpg,s110,720,1280
carrot_fresh,mdatikurrahman3111/vegetables-quality-dataset-2,CC0 1.0,New Data/Good Quality Carrot/(22).jpg,s113,1280,720
carrot_fresh,mdatikurrahman3111/vegetables-quality-dataset-2,CC0 1.0,New Data/Good Quality Carrot/(156).jpg,s046,1280,720
carrot_fresh,mdatikurrahman3111/vegetables-quality-dataset-2,CC0 1.0,New Data/Good Quality Carrot/(158).jpg,s104,1280,720
carrot_fresh,mdatikurrahman3111/vegetables-quality-dataset-2,CC0 1.0,New Data/Good Quality Carrot/(150).jpg,s046,1280,720
carrot_fresh,mdatikurrahman3111/vegetables-quality-dataset-2,CC0 1.0,New Data/Good Quality Carrot/(241).jpg,s046,1280,720
carrot_fresh,mdatikurrahman3111/vegetables-quality-dataset-2,CC0 1.0,New Data/Good Quality Carrot/(17).jpg,s046,720,1280
carrot_fresh,mdatikurrahman3111/vegetables-quality-dataset-2,CC0 1.0,New Data/Good Quality Carrot/(137).jpg,s046,720,1280
carrot_fresh,mdatikurrahman3111/vegetables-quality-dataset-2,CC0 1.0,New Data/Good Quality Carrot/(52).jpg,s046,720,1280
carrot_fresh,mdatikurrahman3111/vegetables-quality-dataset-2,CC0 1.0,New Data/Good Quality Carrot/(14).jpg,s046,720,1280
carrot_fresh,mdatikurrahman3111/vegetables-quality-dataset-2,CC0 1.0,New Data/Good Quality Carrot/(59).jpg,s046,1280,720
carrot_fresh,mdatikurrahman3111/vegetables-quality-dataset-2,CC0 1.0,New Data/Good Quality Carrot/(8).jpg,s046,720,1280
carrot_fresh,mdatikurrahman3111/vegetables-quality-dataset-2,CC0 1.0,New Data/Good Quality Carrot/(117).jpg,s046,1280,720
carrot_fresh,mdatikurrahman3111/vegetables-quality-dataset-2,CC0 1.0,New Data/Good Quality Carrot/(15).jpg,s046,720,1280
carrot_fresh,mdatikurrahman3111/vegetables-quality-dataset-2,CC0 1.0,New Data/Good Quality Carrot/(60).jpg,s046,1280,720
carrot_fresh,mdatikurrahman3111/vegetables-quality-dataset-2,CC0 1.0,New Data/Good Quality Carrot/(72).jpg,s046,720,1280
carrot_fresh,mdatikurrahman3111/vegetables-quality-dataset-2,CC0 1.0,New Data/Good Quality Carrot/(43).jpg,s046,720,1280
carrot_fresh,mdatikurrahman3111/vegetables-quality-dataset-2,CC0 1.0,New Data/Good Quality Carrot/(154).jpg,s046,720,1280
carrot_fresh,mdatikurrahman3111/vegetables-quality-dataset-2,CC0 1.0,New Data/Good Quality Carrot/(51).jpg,s046,1280,720
carrot_fresh,mdatikurrahman3111/vegetables-quality-dataset-2,CC0 1.0,New Data/Good Quality Carrot/(108).jpg,s046,720,1280
carrot_fresh,mdatikurrahman3111/vegetables-quality-dataset-2,CC0 1.0,New Data/Good Quality Carrot/(25).jpg,s046,1280,720
carrot_fresh,mdatikurrahman3111/vegetables-quality-dataset-2,CC0 1.0,New Data/Good Quality Carrot/(101).jpg,s046,1280,720
carrot_fresh,mdatikurrahman3111/vegetables-quality-dataset-2,CC0 1.0,New Data/Good Quality Carrot/(249).jpg,s046,1280,720
carrot_fresh,mdatikurrahman3111/vegetables-quality-dataset-2,CC0 1.0,New Data/Good Quality Carrot/(30).jpg,s046,720,1280
carrot_fresh,mdatikurrahman3111/vegetables-quality-dataset-2,CC0 1.0,New Data/Good Quality Carrot/(314).jpg,s046,720,1280
carrot_fresh,mdatikurrahman3111/vegetables-quality-dataset-2,CC0 1.0,New Data/Good Quality Carrot/(246).jpg,s046,1280,720
carrot_fresh,mdatikurrahman3111/vegetables-quality-dataset-2,CC0 1.0,New Data/Good Quality Carrot/(34).jpg,s046,1280,720
carrot_fresh,mdatikurrahman3111/vegetables-quality-dataset-2,CC0 1.0,New Data/Good Quality Carrot/(165).jpg,s046,1280,720
carrot_fresh,mdatikurrahman3111/vegetables-quality-dataset-2,CC0 1.0,New Data/Good Quality Carrot/(50).jpg,s046,1280,720
carrot_fresh,mdatikurrahman3111/vegetables-quality-dataset-2,CC0 1.0,New Data/Good Quality Carrot/(247).jpg,s046,1280,720
carrot_fresh,mdatikurrahman3111/vegetables-quality-dataset-2,CC0 1.0,New Data/Good Quality Carrot/(300).jpg,s046,1280,720
carrot_fresh,mdatikurrahman3111/vegetables-quality-dataset-2,CC0 1.0,New Data/Good Quality Carrot/(28).jpg,s046,1280,720
carrot_fresh,mdatikurrahman3111/vegetables-quality-dataset-2,CC0 1.0,New Data/Good Quality Carrot/(296).jpg,s046,720,1280
carrot_fresh,mdatikurrahman3111/vegetables-quality-dataset-2,CC0 1.0,New Data/Good Quality Carrot/(48).jpg,s046,1280,720
carrot_fresh,mdatikurrahman3111/vegetables-quality-dataset-2,CC0 1.0,New Data/Good Quality Carrot/(316).jpg,s046,720,1280
carrot_fresh,mdatikurrahman3111/vegetables-quality-dataset-2,CC0 1.0,New Data/Good Quality Carrot/(252).jpg,s046,1280,720
carrot_fresh,mdatikurrahman3111/vegetables-quality-dataset-2,CC0 1.0,New Data/Good Quality Carrot/(262).jpg,s046,720,1280
carrot_fresh,mdatikurrahman3111/vegetables-quality-dataset-2,CC0 1.0,New Data/Good Quality Carrot/(54).jpg,s046,720,1280
carrot_fresh,mdatikurrahman3111/vegetables-quality-dataset-2,CC0 1.0,New Data/Good Quality Carrot/(192).jpg,s046,1280,720
carrot_fresh,mdatikurrahman3111/vegetables-quality-dataset-2,CC0 1.0,New Data/Good Quality Carrot/(240).jpg,s046,720,1280
carrot_fresh,mdatikurrahman3111/vegetables-quality-dataset-2,CC0 1.0,New Data/Good Quality Carrot/(196).jpg,s046,720,1280
carrot_fresh,mdatikurrahman3111/vegetables-quality-dataset-2,CC0 1.0,New Data/Good Quality Carrot/(129).jpg,s046,1280,720
carrot_rotten,mdatikurrahman3111/vegetables-quality-dataset-2,CC0 1.0,New Data/Bad Quality Carrot/(433).jpg,s118,1280,720
carrot_rotten,mdatikurrahman3111/vegetables-quality-dataset-2,CC0 1.0,New Data/Bad Quality Carrot/(238).jpg,s119,1280,720
carrot_rotten,mdatikurrahman3111/vegetables-quality-dataset-2,CC0 1.0,New Data/Bad Quality Carrot/(33).jpg,s120,1280,720
carrot_rotten,mdatikurrahman3111/vegetables-quality-dataset-2,CC0 1.0,New Data/Bad Quality Carrot/(64).jpg,s121,720,1280
carrot_rotten,mdatikurrahman3111/vegetables-quality-dataset-2,CC0 1.0,New Data/Bad Quality Carrot/(44).jpg,s122,1280,720
carrot_rotten,mdatikurrahman3111/vegetables-quality-dataset-2,CC0 1.0,New Data/Bad Quality Carrot/(59).jpg,s123,1280,720
carrot_rotten,mdatikurrahman3111/vegetables-quality-dataset-2,CC0 1.0,New Data/Bad Quality Carrot/(255).jpg,s124,1280,720
carrot_rotten,mdatikurrahman3111/vegetables-quality-dataset-2,CC0 1.0,New Data/Bad Quality Carrot/(107).jpg,s125,1280,720
carrot_rotten,mdatikurrahman3111/vegetables-quality-dataset-2,CC0 1.0,New Data/Bad Quality Carrot/(35).jpg,s126,720,1280
carrot_rotten,mdatikurrahman3111/vegetables-quality-dataset-2,CC0 1.0,New Data/Bad Quality Carrot/(434).jpg,s127,1280,720
carrot_rotten,mdatikurrahman3111/vegetables-quality-dataset-2,CC0 1.0,New Data/Bad Quality Carrot/(304).jpg,s128,1280,720
carrot_rotten,mdatikurrahman3111/vegetables-quality-dataset-2,CC0 1.0,New Data/Bad Quality Carrot/(100).jpg,s129,720,1280
carrot_rotten,mdatikurrahman3111/vegetables-quality-dataset-2,CC0 1.0,New Data/Bad Quality Carrot/(249).jpg,s130,720,1280
carrot_rotten,mdatikurrahman3111/vegetables-quality-dataset-2,CC0 1.0,New Data/Bad Quality Carrot/(48).jpg,s131,1280,720
carrot_rotten,mdatikurrahman3111/vegetables-quality-dataset-2,CC0 1.0,New Data/Bad Quality Carrot/(86).jpg,s132,1280,720
carrot_rotten,mdatikurrahman3111/vegetables-quality-dataset-2,CC0 1.0,New Data/Bad Quality Carrot/(440).jpg,s133,720,1280
carrot_rotten,mdatikurrahman3111/vegetables-quality-dataset-2,CC0 1.0,New Data/Bad Quality Carrot/(159).jpg,s134,720,1280
carrot_rotten,mdatikurrahman3111/vegetables-quality-dataset-2,CC0 1.0,New Data/Bad Quality Carrot/(585).jpg,s135,1280,720
carrot_rotten,mdatikurrahman3111/vegetables-quality-dataset-2,CC0 1.0,New Data/Bad Quality Carrot/(500).jpg,s136,720,1280
carrot_rotten,mdatikurrahman3111/vegetables-quality-dataset-2,CC0 1.0,New Data/Bad Quality Carrot/(342).jpg,s046,720,1280
carrot_rotten,mdatikurrahman3111/vegetables-quality-dataset-2,CC0 1.0,New Data/Bad Quality Carrot/(574).jpg,s124,1280,720
carrot_rotten,mdatikurrahman3111/vegetables-quality-dataset-2,CC0 1.0,New Data/Bad Quality Carrot/(411).jpg,s046,720,1280
carrot_rotten,mdatikurrahman3111/vegetables-quality-dataset-2,CC0 1.0,New Data/Bad Quality Carrot/(241).jpg,s046,1280,720
carrot_rotten,mdatikurrahman3111/vegetables-quality-dataset-2,CC0 1.0,New Data/Bad Quality Carrot/(267).jpg,s046,1280,720
carrot_rotten,mdatikurrahman3111/vegetables-quality-dataset-2,CC0 1.0,New Data/Bad Quality Carrot/(328).jpg,s046,720,1280
carrot_rotten,mdatikurrahman3111/vegetables-quality-dataset-2,CC0 1.0,New Data/Bad Quality Carrot/(25).jpg,s046,1280,720
carrot_rotten,mdatikurrahman3111/vegetables-quality-dataset-2,CC0 1.0,New Data/Bad Quality Carrot/(233).jpg,s046,1280,720
carrot_rotten,mdatikurrahman3111/vegetables-quality-dataset-2,CC0 1.0,New Data/Bad Quality Carrot/(31).jpg,s046,1280,720
carrot_rotten,mdatikurrahman3111/vegetables-quality-dataset-2,CC0 1.0,New Data/Bad Quality Carrot/(288).jpg,s046,720,1280
carrot_rotten,mdatikurrahman3111/vegetables-quality-dataset-2,CC0 1.0,New Data/Bad Quality Carrot/(30).jpg,s046,1280,720
carrot_rotten,mdatikurrahman3111/vegetables-quality-dataset-2,CC0 1.0,New Data/Bad Quality Carrot/(2).jpg,s046,720,1280
carrot_rotten,mdatikurrahman3111/vegetables-quality-dataset-2,CC0 1.0,New Data/Bad Quality Carrot/(306).jpg,s046,1280,720
carrot_rotten,mdatikurrahman3111/vegetables-quality-dataset-2,CC0 1.0,New Data/Bad Quality Carrot/(179).jpg,s046,1280,720
carrot_rotten,mdatikurrahman3111/vegetables-quality-dataset-2,CC0 1.0,New Data/Bad Quality Carrot/(598).jpg,s046,1280,720
carrot_rotten,mdatikurrahman3111/vegetables-quality-dataset-2,CC0 1.0,New Data/Bad Quality Carrot/(50).jpg,s046,1280,720
carrot_rotten,mdatikurrahman3111/vegetables-quality-dataset-2,CC0 1.0,New Data/Bad Quality Carrot/(496).jpg,s046,1280,720
carrot_rotten,mdatikurrahman3111/vegetables-quality-dataset-2,CC0 1.0,New Data/Bad Quality Carrot/(508).jpg,s046,1280,720
carrot_rotten,mdatikurrahman3111/vegetables-quality-dataset-2,CC0 1.0,New Data/Bad Quality Carrot/(504).jpg,s046,1280,720
carrot_rotten,mdatikurrahman3111/vegetables-quality-dataset-2,CC0 1.0,New Data/Bad Quality Carrot/(305).jpg,s046,720,1280
carrot_rotten,mdatikurrahman3111/vegetables-quality-dataset-2,CC0 1.0,New Data/Bad Quality Carrot/(662).jpg,s046,720,1280
carrot_rotten,mdatikurrahman3111/vegetables-quality-dataset-2,CC0 1.0,New Data/Bad Quality Carrot/(99).jpg,s046,1280,720
carrot_rotten,mdatikurrahman3111/vegetables-quality-dataset-2,CC0 1.0,New Data/Bad Quality Carrot/(135).jpg,s046,1280,720
carrot_rotten,mdatikurrahman3111/vegetables-quality-dataset-2,CC0 1.0,New Data/Bad Quality Carrot/(40).jpg,s046,720,1280
carrot_rotten,mdatikurrahman3111/vegetables-quality-dataset-2,CC0 1.0,New Data/Bad Quality Carrot/(404).jpg,s046,720,1280
carrot_rotten,mdatikurrahman3111/vegetables-quality-dataset-2,CC0 1.0,New Data/Bad Quality Carrot/(211).jpg,s046,1280,720
carrot_rotten,mdatikurrahman3111/vegetables-quality-dataset-2,CC0 1.0,New Data/Bad Quality Carrot/(324).jpg,s046,720,1280
carrot_rotten,mdatikurrahman3111/vegetables-quality-dataset-2,CC0 1.0,New Data/Bad Quality Carrot/(121).jpg,s046,1280,720
carrot_rotten,mdatikurrahman3111/vegetables-quality-dataset-2,CC0 1.0,New Data/Bad Quality Carrot/(19).jpg,s046,1280,720
carrot_rotten,mdatikurrahman3111/vegetables-quality-dataset-2,CC0 1.0,New Data/Bad Quality Carrot/(406).jpg,s046,720,1280
carrot_rotten,mdatikurrahman3111/vegetables-quality-dataset-2,CC0 1.0,New Data/Bad Quality Carrot/(661).jpg,s046,1280,720
carrot_rotten,mdatikurrahman3111/vegetables-quality-dataset-2,CC0 1.0,New Data/Bad Quality Carrot/(256).jpg,s046,720,1280
carrot_rotten,mdatikurrahman3111/vegetables-quality-dataset-2,CC0 1.0,New Data/Bad Quality Carrot/(251).jpg,s046,1280,720
carrot_rotten,mdatikurrahman3111/vegetables-quality-dataset-2,CC0 1.0,New Data/Bad Quality Carrot/(80).jpg,s046,1280,720
carrot_rotten,mdatikurrahman3111/vegetables-quality-dataset-2,CC0 1.0,New Data/Bad Quality Carrot/(221).jpg,s046,720,1280
carrot_rotten,mdatikurrahman3111/vegetables-quality-dataset-2,CC0 1.0,New Data/Bad Quality Carrot/(278).jpg,s046,1280,720
carrot_rotten,mdatikurrahman3111/vegetables-quality-dataset-2,CC0 1.0,New Data/Bad Quality Carrot/(228).jpg,s046,720,1280
carrot_rotten,mdatikurrahman3111/vegetables-quality-dataset-2,CC0 1.0,New Data/Bad Quality Carrot/(198).jpg,s046,720,1280
carrot_rotten,mdatikurrahman3111/vegetables-quality-dataset-2,CC0 1.0,New Data/Bad Quality Carrot/(152).jpg,s046,1280,720
carrot_rotten,mdatikurrahman3111/vegetables-quality-dataset-2,CC0 1.0,New Data/Bad Quality Carrot/(365).jpg,s046,1280,720
carrot_rotten,mdatikurrahman3111/vegetables-quality-dataset-2,CC0 1.0,New Data/Bad Quality Carrot/(464).jpg,s046,1280,720
