class_name,source,reference
cucumber_fresh,mendeley_cucumber,CUCUMBER/GOOD/Good/1708835420662.jpg
cucumber_fresh,mendeley_cucumber,CUCUMBER/GOOD/Good/1708835421247.jpg
cucumber_fresh,mendeley_cucumber,CUCUMBER/GOOD/Good/1708835421098.jpg
cucumber_fresh,mendeley_cucumber,CUCUMBER/GOOD/Good/1708835421749.jpg
cucumber_fresh,mendeley_cucumber,CUCUMBER/GOOD/Good/1708835421424.jpg
cucumber_fresh,mendeley_cucumber,CUCUMBER/GOOD/Good/1708835417682.jpg
cucumber_fresh,mendeley_cucumber,CUCUMBER/GOOD/Good/1708835417946.jpg
cucumber_fresh,mendeley_cucumber,CUCUMBER/GOOD/Good/1708835421951.jpg
cucumber_fresh,mendeley_cucumber,CUCUMBER/GOOD/Good/1708835420253.jpg
cucumber_fresh,mendeley_cucumber,CUCUMBER/GOOD/Good/1708835419708.jpg
cucumber_fresh,mendeley_cucumber,CUCUMBER/GOOD/Good/1708835421678.jpg
cucumber_fresh,mendeley_cucumber,CUCUMBER/GOOD/Good/1708835412394.jpg
cucumber_fresh,mendeley_cucumber,CUCUMBER/GOOD/Good/1708835413722.jpg
cucumber_fresh,mendeley_cucumber,CUCUMBER/GOOD/Good/1708835413562.jpg
cucumber_fresh,mendeley_cucumber,CUCUMBER/GOOD/Good/1708835420921.jpg
cucumber_fresh,mendeley_cucumber,CUCUMBER/GOOD/Good/1708835421509.jpg
cucumber_fresh,mendeley_cucumber,CUCUMBER/GOOD/Good/1708835419759.jpg
cucumber_fresh,mendeley_cucumber,CUCUMBER/GOOD/Good/1708835420012.jpg
cucumber_fresh,mendeley_cucumber,CUCUMBER/GOOD/Good/1708835414105.jpg
cucumber_fresh,mendeley_cucumber,CUCUMBER/GOOD/Good/1708835420355.jpg
cucumber_fresh,mendeley_cucumber,CUCUMBER/GOOD/Good/1708835420455.jpg
cucumber_fresh,mendeley_cucumber,CUCUMBER/GOOD/Good/1708835413581.jpg
cucumber_fresh,mendeley_cucumber,CUCUMBER/GOOD/Good/1708835417035.jpg
cucumber_fresh,mendeley_cucumber,CUCUMBER/GOOD/Good/1708835413409.jpg
cucumber_fresh,mendeley_cucumber,CUCUMBER/GOOD/Good/1708835420236.jpg
cucumber_fresh,mendeley_cucumber,CUCUMBER/GOOD/Good/1709214601335.jpg
cucumber_fresh,mendeley_cucumber,CUCUMBER/GOOD/Good/1708835420679.jpg
cucumber_fresh,mendeley_cucumber,CUCUMBER/GOOD/Good/1708835414788.jpg
cucumber_fresh,mendeley_cucumber,CUCUMBER/GOOD/Good/1708835421343.jpg
cucumber_fresh,mendeley_cucumber,CUCUMBER/GOOD/Good/1708835419054.jpg
cucumber_fresh,mendeley_cucumber,CUCUMBER/GOOD/Good/1708835420996.jpg
cucumber_fresh,mendeley_cucumber,CUCUMBER/GOOD/Good/1708835421587.jpg
cucumber_fresh,mendeley_cucumber,CUCUMBER/GOOD/Good/1708835419687.jpg
cucumber_fresh,mendeley_cucumber,CUCUMBER/GOOD/Good/1708835420303.jpg
cucumber_fresh,mendeley_cucumber,CUCUMBER/GOOD/Good/1708835421162.jpg
cucumber_fresh,mendeley_cucumber,CUCUMBER/GOOD/Good/1708835414275.jpg
cucumber_fresh,mendeley_cucumber,CUCUMBER/GOOD/Good/1708835420371.jpg
cucumber_fresh,mendeley_cucumber,CUCUMBER/GOOD/Good/1708835421309.jpg
cucumber_fresh,mendeley_cucumber,CUCUMBER/GOOD/Good/1708835420904.jpg
cucumber_fresh,mendeley_cucumber,CUCUMBER/GOOD/Good/1708835421472.jpg
cucumber_fresh,mendeley_cucumber,CUCUMBER/GOOD/Good/1708835420629.jpg
cucumber_fresh,mendeley_cucumber,CUCUMBER/GOOD/Good/1708835419819.jpg
cucumber_fresh,mendeley_cucumber,CUCUMBER/GOOD/Good/1708835419916.jpg
cucumber_fresh,mendeley_cucumber,CUCUMBER/GOOD/Good/1708835416835.jpg
cucumber_fresh,mendeley_cucumber,CUCUMBER/GOOD/Good/1708835421807.jpg
cucumber_fresh,mendeley_cucumber,CUCUMBER/GOOD/Good/1708835421849.jpg
cucumber_fresh,mendeley_cucumber,CUCUMBER/GOOD/Good/1708835421032.jpg
cucumber_fresh,mendeley_cucumber,CUCUMBER/GOOD/Good/1708835421713.jpg
cucumber_fresh,mendeley_cucumber,CUCUMBER/GOOD/Good/1708835419742.jpg
cucumber_fresh,mendeley_cucumber,CUCUMBER/GOOD/Good/1708835414090.jpg
cucumber_fresh,mendeley_cucumber,CUCUMBER/GOOD/Good/1708835413863.jpg
cucumber_fresh,mendeley_cucumber,CUCUMBER/GOOD/Good/1708835419416.jpg
cucumber_fresh,mendeley_cucumber,CUCUMBER/GOOD/Good/1708835419725.jpg
cucumber_fresh,mendeley_cucumber,CUCUMBER/GOOD/Good/1708835421626.jpg
cucumber_fresh,mendeley_cucumber,CUCUMBER/GOOD/Good/1708835420646.jpg
cucumber_fresh,mendeley_cucumber,CUCUMBER/GOOD/Good/1708835421557.jpg
cucumber_fresh,mendeley_cucumber,CUCUMBER/GOOD/Good/1708835421219.jpg
cucumber_fresh,mendeley_cucumber,CUCUMBER/GOOD/Good/1708835421921.jpg
cucumber_fresh,mendeley_cucumber,CUCUMBER/GOOD/Good/1708835421394.jpg
cucumber_fresh,mendeley_cucumber,CUCUMBER/GOOD/Good/1708835421278.jpg
cucumber_fresh,mendeley_cucumber,CUCUMBER/GOOD/Good/1708835420695.jpg
cucumber_fresh,mendeley_cucumber,CUCUMBER/GOOD/Good/1708835421066.jpg
cucumber_fresh,mendeley_cucumber,CUCUMBER/GOOD/Good/1708835421661.jpg
cucumber_fresh,mendeley_cucumber,CUCUMBER/GOOD/Good/1708835419789.jpg
cucumber_fresh,mendeley_cucumber,CUCUMBER/GOOD/Good/1708835420828.jpg
cucumber_fresh,mendeley_cucumber,CUCUMBER/GOOD/Good/1708835419347.jpg
cucumber_fresh,mendeley_cucumber,CUCUMBER/GOOD/Good/1708835419666.jpg
cucumber_rotten,mendeley_cucumber,CUCUMBER/BAD/Bad/1715319268921.jpg
cucumber_rotten,mendeley_cucumber,CUCUMBER/BAD/Bad/1715319139092.jpg
cucumber_rotten,mendeley_cucumber,CUCUMBER/BAD/Bad/1715319138014.jpg
cucumber_rotten,mendeley_cucumber,CUCUMBER/BAD/Bad/1709214862511.jpg
cucumber_rotten,mendeley_cucumber,CUCUMBER/BAD/Bad/1715319138944.jpg
cucumber_rotten,mendeley_cucumber,CUCUMBER/BAD/Bad/1715319139516.jpg
cucumber_rotten,mendeley_cucumber,CUCUMBER/BAD/Bad/1715319138229.jpg
cucumber_rotten,mendeley_cucumber,CUCUMBER/BAD/Bad/1709214788445.jpg
cucumber_rotten,mendeley_cucumber,CUCUMBER/BAD/Bad/1715319139883.jpg
cucumber_rotten,mendeley_cucumber,CUCUMBER/BAD/Bad/1715319139670.jpg
cucumber_rotten,mendeley_cucumber,CUCUMBER/BAD/Bad/1715319139153.jpg
cucumber_rotten,mendeley_cucumber,CUCUMBER/BAD/Bad/1715319138538.jpg
cucumber_rotten,mendeley_cucumber,CUCUMBER/BAD/Bad/1715319138127.jpg
cucumber_rotten,mendeley_cucumber,CUCUMBER/BAD/Bad/1715319268944.jpg
cucumber_rotten,mendeley_cucumber,CUCUMBER/BAD/Bad/1709214914314.jpg
cucumber_rotten,mendeley_cucumber,CUCUMBER/BAD/Bad/1715319138809.jpg
cucumber_rotten,mendeley_cucumber,CUCUMBER/BAD/Bad/1715319138216.jpg
cucumber_rotten,mendeley_cucumber,CUCUMBER/BAD/Bad/1709215439588.jpg
cucumber_rotten,mendeley_cucumber,CUCUMBER/BAD/Bad/1709214788698.jpg
cucumber_rotten,mendeley_cucumber,CUCUMBER/BAD/Bad/1709214862478.jpg
cucumber_rotten,mendeley_cucumber,CUCUMBER/BAD/Bad/1709214914330.jpg
cucumber_rotten,mendeley_cucumber,CUCUMBER/BAD/Bad/1715319139034.jpg
cucumber_rotten,mendeley_cucumber,CUCUMBER/BAD/Bad/1715319138097.jpg
cucumber_rotten,mendeley_cucumber,CUCUMBER/BAD/Bad/1715319139236.jpg
cucumber_rotten,mendeley_cucumber,CUCUMBER/BAD/Bad/1715319139132.jpg
cucumber_rotten,mendeley_cucumber,CUCUMBER/BAD/Bad/1715319137499.jpg
cucumber_rotten,mendeley_cucumber,CUCUMBER/BAD/Bad/1715319138698.jpg
cucumber_rotten,mendeley_cucumber,CUCUMBER/BAD/Bad/1709214862538.jpg
cucumber_rotten,mendeley_cucumber,CUCUMBER/BAD/Bad/1715319137514.jpg
cucumber_rotten,mendeley_cucumber,CUCUMBER/BAD/Bad/1709215439557.jpg
cucumber_rotten,mendeley_cucumber,CUCUMBER/BAD/Bad/1709214788480.jpg
cucumber_rotten,mendeley_cucumber,CUCUMBER/BAD/Bad/1709214788343.jpg
cucumber_rotten,mendeley_cucumber,CUCUMBER/BAD/Bad/1709214788557.jpg
cucumber_rotten,mendeley_cucumber,CUCUMBER/BAD/Bad/1715319139174.jpg
cucumber_rotten,mendeley_cucumber,CUCUMBER/BAD/Bad/1715319139275.jpg
cucumber_rotten,mendeley_cucumber,CUCUMBER/BAD/Bad/1709214914277.jpg
cucumber_rotten,mendeley_cucumber,CUCUMBER/BAD/Bad/1709215069030.jpg
cucumber_rotten,mendeley_cucumber,CUCUMBER/BAD/Bad/1715319139919.jpg
cucumber_rotten,mendeley_cucumber,CUCUMBER/BAD/Bad/1709215174595.jpg
cucumber_rotten,mendeley_cucumber,CUCUMBER/BAD/Bad/1715319138189.jpg
cucumber_rotten,mendeley_cucumber,CUCUMBER/BAD/Bad/1715319138029.jpg
cucumber_rotten,mendeley_cucumber,CUCUMBER/BAD/Bad/1709215174572.jpg
cucumber_rotten,mendeley_cucumber,CUCUMBER/BAD/Bad/1709214788591.jpg
cucumber_rotten,mendeley_cucumber,CUCUMBER/BAD/Bad/1715319138925.jpg
cucumber_rotten,mendeley_cucumber,CUCUMBER/BAD/Bad/1715319139255.jpg
cucumber_rotten,mendeley_cucumber,CUCUMBER/BAD/Bad/1709214954329.jpg
cucumber_rotten,mendeley_cucumber,CUCUMBER/BAD/Bad/1709214862445.jpg
cucumber_rotten,mendeley_cucumber,CUCUMBER/BAD/Bad/1715319139196.jpg
cucumber_rotten,mendeley_cucumber,CUCUMBER/BAD/Bad/1715319139592.jpg
cucumber_rotten,mendeley_cucumber,CUCUMBER/BAD/Bad/1715319138164.jpg
cucumber_rotten,mendeley_cucumber,CUCUMBER/BAD/Bad/1709214954265.jpg
cucumber_rotten,mendeley_cucumber,CUCUMBER/BAD/Bad/1715319139761.jpg
cucumber_rotten,mendeley_cucumber,CUCUMBER/BAD/Bad/1715319138476.jpg
cucumber_rotten,mendeley_cucumber,CUCUMBER/BAD/Bad/1709214788659.jpg
cucumber_rotten,mendeley_cucumber,CUCUMBER/BAD/Bad/1715319138980.jpg
cucumber_rotten,mendeley_cucumber,CUCUMBER/BAD/Bad/1709214788729.jpg
cucumber_rotten,mendeley_cucumber,CUCUMBER/BAD/Bad/1709214954313.jpg
cucumber_rotten,mendeley_cucumber,CUCUMBER/BAD/Bad/1709214954289.jpg
cucumber_rotten,mendeley_cucumber,CUCUMBER/BAD/Bad/1715319139546.jpg
cucumber_rotten,mendeley_cucumber,CUCUMBER/BAD/Bad/1715319139295.jpg
cucumber_rotten,mendeley_cucumber,CUCUMBER/BAD/Bad/1715319138431.jpg
cucumber_rotten,mendeley_cucumber,CUCUMBER/BAD/Bad/1715319139051.jpg
cucumber_rotten,mendeley_cucumber,CUCUMBER/BAD/Bad/1715319139429.jpg
cucumber_rotten,mendeley_cucumber,CUCUMBER/BAD/Bad/1715319139570.jpg
cucumber_rotten,mendeley_cucumber,CUCUMBER/BAD/Bad/1709214788627.jpg
cucumber_rotten,mendeley_cucumber,CUCUMBER/BAD/Bad/1715319139111.jpg
cucumber_rotten,mendeley_cucumber,CUCUMBER/BAD/Bad/1715319138997.jpg
potato_fresh,zenodo_hybrid_potato,train/Buen estado/Papa_BE_5278.jpg
potato_fresh,zenodo_hybrid_potato,train/Buen estado/Papa_BE_1908.jpg
potato_fresh,zenodo_hybrid_potato,train/Buen estado/Papa_BE_2604.jpg
potato_fresh,zenodo_hybrid_potato,train/Buen estado/Papa_BE_8216.jpg
potato_fresh,zenodo_hybrid_potato,train/Buen estado/Papa_BE_5976.jpg
potato_fresh,zenodo_hybrid_potato,train/Buen estado/Papa_BE_701.jpg
potato_fresh,zenodo_hybrid_potato,train/Buen estado/Papa_BE_1731.jpg
potato_fresh,zenodo_hybrid_potato,val/Buen estado/Papa_BE_9756.jpg
potato_fresh,zenodo_hybrid_potato,val/Buen estado/Papa_BE_4404.jpg
potato_fresh,zenodo_hybrid_potato,train/Buen estado/Papa_BE_6047.jpg
potato_fresh,zenodo_hybrid_potato,train/Buen estado/Papa_BE_8774.jpg
potato_fresh,zenodo_hybrid_potato,train/Buen estado/Papa_BE_10161.jpg
potato_fresh,zenodo_hybrid_potato,train/Buen estado/Papa_BE_552.jpg
potato_fresh,zenodo_hybrid_potato,train/Buen estado/Papa_BE_16690.jpg
potato_fresh,zenodo_hybrid_potato,train/Buen estado/Papa_BE_3913.jpg
potato_fresh,zenodo_hybrid_potato,test/Buen estado/Papa_BE_1251.jpg
potato_fresh,zenodo_hybrid_potato,train/Buen estado/Papa_BE_6101.jpg
potato_fresh,zenodo_hybrid_potato,val/Buen estado/Papa_BE_2268.jpg
potato_fresh,zenodo_hybrid_potato,test/Buen estado/Papa_BE_2112.jpg
potato_fresh,zenodo_hybrid_potato,train/Buen estado/Papa_BE_17851.jpg
potato_fresh,zenodo_hybrid_potato,val/Buen estado/Papa_BE_6918.jpg
potato_fresh,zenodo_hybrid_potato,train/Buen estado/Papa_BE_9194.jpg
potato_fresh,zenodo_hybrid_potato,train/Buen estado/Papa_BE_3873.jpg
potato_fresh,zenodo_hybrid_potato,train/Buen estado/Papa_BE_17138.jpg
potato_fresh,zenodo_hybrid_potato,val/Buen estado/Papa_BE_7193.jpg
potato_fresh,zenodo_hybrid_potato,train/Buen estado/Papa_BE_9732.jpg
potato_fresh,zenodo_hybrid_potato,train/Buen estado/Papa_BE_8834.jpg
potato_fresh,zenodo_hybrid_potato,train/Buen estado/Papa_BE_4027.jpg
potato_fresh,zenodo_hybrid_potato,train/Buen estado/Papa_BE_9895.jpg
potato_fresh,zenodo_hybrid_potato,train/Buen estado/Papa_BE_4688.jpg
potato_fresh,zenodo_hybrid_potato,train/Buen estado/Papa_BE_17719.jpg
potato_fresh,zenodo_hybrid_potato,train/Buen estado/Papa_BE_1760.jpg
potato_fresh,zenodo_hybrid_potato,train/Buen estado/Papa_BE_15378.jpg
potato_fresh,zenodo_hybrid_potato,train/Buen estado/Papa_BE_4101.jpg
potato_fresh,zenodo_hybrid_potato,test/Buen estado/Papa_BE_17067.jpg
potato_fresh,zenodo_hybrid_potato,train/Buen estado/Papa_BE_5543.jpg
potato_fresh,zenodo_hybrid_potato,train/Buen estado/Papa_BE_3652.jpg
potato_fresh,zenodo_hybrid_potato,train/Buen estado/Papa_BE_16742.jpg
potato_fresh,zenodo_hybrid_potato,val/Buen estado/Papa_BE_7650.jpg
potato_fresh,zenodo_hybrid_potato,train/Buen estado/Papa_BE_15428.jpg
potato_fresh,zenodo_hybrid_potato,train/Buen estado/Papa_BE_10207.jpg
potato_fresh,zenodo_hybrid_potato,train/Buen estado/Papa_BE_15990.jpg
potato_fresh,zenodo_hybrid_potato,train/Buen estado/Papa_BE_17232.jpg
potato_fresh,zenodo_hybrid_potato,train/Buen estado/Papa_BE_8050.jpg
potato_fresh,zenodo_hybrid_potato,train/Buen estado/Papa_BE_6222.jpg
potato_fresh,zenodo_hybrid_potato,train/Buen estado/Papa_BE_635.jpg
potato_fresh,zenodo_hybrid_potato,train/Buen estado/Papa_BE_17697.jpg
potato_fresh,zenodo_hybrid_potato,val/Buen estado/Papa_BE_10264.jpg
potato_fresh,zenodo_hybrid_potato,val/Buen estado/Papa_BE_17098.jpg
potato_fresh,zenodo_hybrid_potato,train/Buen estado/Papa_BE_493.jpg
potato_fresh,zenodo_hybrid_potato,train/Buen estado/Papa_BE_7704.jpg
potato_fresh,zenodo_hybrid_potato,train/Buen estado/Papa_BE_4893.jpg
potato_fresh,zenodo_hybrid_potato,test/Buen estado/Papa_BE_16763.jpg
potato_fresh,zenodo_hybrid_potato,train/Buen estado/Papa_BE_17307.jpg
potato_fresh,zenodo_hybrid_potato,train/Buen estado/Papa_BE_6965.jpg
potato_fresh,zenodo_hybrid_potato,val/Buen estado/Papa_BE_8119.jpg
potato_fresh,zenodo_hybrid_potato,test/Buen estado/Papa_BE_1458.jpg
potato_fresh,zenodo_hybrid_potato,train/Buen estado/Papa_BE_7754.jpg
potato_fresh,zenodo_hybrid_potato,train/Buen estado/Papa_BE_4273.jpg
potato_rotten,zenodo_hybrid_potato,test/Defectuoso/Papa_D_17067.jpg
potato_rotten,zenodo_hybrid_potato,train/Defectuoso/Papa_D_16065.jpg
potato_rotten,zenodo_hybrid_potato,test/Defectuoso/Papa_D_3448.jpg
potato_rotten,zenodo_hybrid_potato,train/Defectuoso/Papa_D_17767.jpg
potato_rotten,zenodo_hybrid_potato,val/Defectuoso/Papa_D_5360.jpg
potato_rotten,zenodo_hybrid_potato,test/Defectuoso/Papa_D_7353.jpg
potato_rotten,zenodo_hybrid_potato,test/Defectuoso/Papa_D_15539.jpg
potato_rotten,zenodo_hybrid_potato,train/Defectuoso/Papa_D_6965.jpg
potato_rotten,zenodo_hybrid_potato,train/Defectuoso/Papa_D_4027.jpg
potato_rotten,zenodo_hybrid_potato,val/Defectuoso/Papa_D_17302.jpg
potato_rotten,zenodo_hybrid_potato,test/Defectuoso/Papa_D_8493.jpg
potato_rotten,zenodo_hybrid_potato,train/Defectuoso/Papa_D_5976.jpg
potato_rotten,zenodo_hybrid_potato,train/Defectuoso/Papa_D_552.jpg
potato_rotten,zenodo_hybrid_potato,test/Defectuoso/Papa_D_11554.jpg
potato_rotten,zenodo_hybrid_potato,train/Defectuoso/Papa_D_11425.jpg
potato_rotten,zenodo_hybrid_potato,train/Defectuoso/Papa_D_8774.jpg
potato_rotten,zenodo_hybrid_potato,val/Defectuoso/Papa_D_7180.jpg
potato_rotten,zenodo_hybrid_potato,test/Defectuoso/Papa_D_7415.jpg
potato_rotten,zenodo_hybrid_potato,train/Defectuoso/Papa_D_7704.jpg
potato_rotten,zenodo_hybrid_potato,train/Defectuoso/Papa_D_10161.jpg
potato_rotten,zenodo_hybrid_potato,train/Defectuoso/Papa_D_8050.jpg
potato_rotten,zenodo_hybrid_potato,val/Defectuoso/Papa_D_9756.jpg
potato_rotten,zenodo_hybrid_potato,train/Defectuoso/Papa_D_15831.jpg
potato_rotten,zenodo_hybrid_potato,train/Defectuoso/Papa_D_5523.jpg
potato_rotten,zenodo_hybrid_potato,train/Defectuoso/Papa_D_4713.jpg
potato_rotten,zenodo_hybrid_potato,train/Defectuoso/Papa_D_17697.jpg
potato_rotten,zenodo_hybrid_potato,train/Defectuoso/Papa_D_6455.jpg
potato_rotten,zenodo_hybrid_potato,train/Defectuoso/Papa_D_11402.jpg
potato_rotten,zenodo_hybrid_potato,train/Defectuoso/Papa_D_6802.jpg
potato_rotten,zenodo_hybrid_potato,val/Defectuoso/Papa_D_7650.jpg
potato_rotten,zenodo_hybrid_potato,train/Defectuoso/Papa_D_16614.jpg
potato_rotten,zenodo_hybrid_potato,val/Defectuoso/Papa_D_5014.jpg
potato_rotten,zenodo_hybrid_potato,train/Defectuoso/Papa_D_7157.jpg
potato_rotten,zenodo_hybrid_potato,train/Defectuoso/Papa_D_9194.jpg
potato_rotten,zenodo_hybrid_potato,train/Defectuoso/Papa_D_17411.jpg
potato_rotten,zenodo_hybrid_potato,train/Defectuoso/Papa_D_15428.jpg
potato_rotten,zenodo_hybrid_potato,train/Defectuoso/Papa_D_12018.jpg
potato_rotten,zenodo_hybrid_potato,train/Defectuoso/Papa_D_3267.jpg
potato_rotten,zenodo_hybrid_potato,test/Defectuoso/Papa_D_12514.jpg
potato_rotten,zenodo_hybrid_potato,train/Defectuoso/Papa_D_5278.jpg
potato_rotten,zenodo_hybrid_potato,val/Defectuoso/Papa_D_8203.jpg
potato_rotten,zenodo_hybrid_potato,val/Defectuoso/Papa_D_4404.jpg
potato_rotten,zenodo_hybrid_potato,val/Defectuoso/Papa_D_7193.jpg
potato_rotten,zenodo_hybrid_potato,train/Defectuoso/Papa_D_9310.jpg
potato_rotten,zenodo_hybrid_potato,train/Defectuoso/Papa_D_10998.jpg
potato_rotten,zenodo_hybrid_potato,val/Defectuoso/Papa_D_8565.jpg
potato_rotten,zenodo_hybrid_potato,train/Defectuoso/Papa_D_13178.jpg
potato_rotten,zenodo_hybrid_potato,train/Defectuoso/Papa_D_3825.jpg
potato_rotten,zenodo_hybrid_potato,train/Defectuoso/Papa_D_493.jpg
potato_rotten,zenodo_hybrid_potato,val/Defectuoso/Papa_D_16641.jpg
potato_rotten,zenodo_hybrid_potato,train/Defectuoso/Papa_D_9895.jpg
potato_rotten,zenodo_hybrid_potato,train/Defectuoso/Papa_D_8535.jpg
potato_rotten,zenodo_hybrid_potato,train/Defectuoso/Papa_D_4688.jpg
potato_rotten,zenodo_hybrid_potato,test/Defectuoso/Papa_D_3733.jpg
potato_rotten,zenodo_hybrid_potato,train/Defectuoso/Papa_D_7536.jpg
potato_rotten,zenodo_hybrid_potato,train/Defectuoso/Papa_D_8275.jpg
potato_rotten,zenodo_hybrid_potato,train/Defectuoso/Papa_D_12183.jpg
potato_rotten,zenodo_hybrid_potato,test/Defectuoso/Papa_D_16763.jpg
potato_rotten,zenodo_hybrid_potato,train/Defectuoso/Papa_D_6102.jpg
potato_rotten,zenodo_hybrid_potato,train/Defectuoso/Papa_D_7487.jpg
carrot_fresh,internet,https://www.flickr.com/photos/45493649@N00/4878078061
carrot_fresh,internet,https://www.rawpixel.com/image/10995837/carrot-and-radish-freshly-harvest-vegetable
carrot_fresh,internet,https://www.flickr.com/photos/39792195@N00/2747161451
carrot_fresh,internet,https://www.flickr.com/photos/56703970@N00/8399099339
carrot_fresh,internet,https://www.flickr.com/photos/38919006@N00/2813027475
carrot_fresh,internet,https://www.flickr.com/photos/13649621@N00/2330868842
carrot_fresh,internet,https://www.flickr.com/photos/34912142@N03/4838011044
carrot_fresh,internet,https://www.flickr.com/photos/34912142@N03/6208047894
carrot_fresh,internet,https://www.flickr.com/photos/34912142@N03/6208049168
carrot_fresh,internet,https://www.flickr.com/photos/34912142@N03/6207532463
carrot_fresh,internet,https://www.flickr.com/photos/78137955@N00/4805606168
carrot_fresh,internet,https://www.flickr.com/photos/69185478@N00/2947978193
carrot_fresh,internet,https://www.flickr.com/photos/44574420@N04/12626504345
carrot_fresh,internet,https://www.flickr.com/photos/37996646802@N01/10049492063
carrot_fresh,internet,https://www.flickr.com/photos/66268742@N00/3469843229
carrot_fresh,internet,https://www.flickr.com/photos/27948364@N00/4586329095
carrot_fresh,internet,https://www.flickr.com/photos/9439733@N02/3413035124
carrot_fresh,internet,https://www.flickr.com/photos/7554150@N05/2808151983
carrot_fresh,internet,https://www.flickr.com/photos/29912007@N05/6249987745
carrot_fresh,internet,https://www.flickr.com/photos/7453152@N06/8239530878
carrot_fresh,internet,https://www.flickr.com/photos/46248775@N00/3980550651
carrot_fresh,internet,https://www.flickr.com/photos/7815007@N07/28547992798
carrot_fresh,internet,https://www.flickr.com/photos/107563722@N04/29736754164
carrot_fresh,internet,https://www.flickr.com/photos/27514545@N00/2745254197
carrot_fresh,internet,https://wordpress.org/photos/photo/2456897545/
carrot_fresh,internet,https://www.flickr.com/photos/20712950@N00/4298864256
carrot_fresh,internet,https://www.flickr.com/photos/62283967@N05/31423826326
carrot_fresh,internet,https://www.rawpixel.com/image/458181/free-photo-image-vegetable-garden-root
carrot_fresh,internet,https://www.flickr.com/photos/97043691@N05/9212465250
carrot_fresh,internet,https://www.flickr.com/photos/97043691@N05/35907284215
carrot_rotten,internet,https://commons.wikimedia.org/wiki/File:Meloidogyne_hapla_carrot_forking.jpg
carrot_rotten,internet,https://commons.wikimedia.org/wiki/File:M%C3%B6hren_Sclerotinia_Befall-JS.jpg
carrot_rotten,internet,https://commons.wikimedia.org/wiki/File:Wortel_violet_wortelrot_(Helicobasidium_brebissonii_on_Daucus_carota).jpg
potato_fresh,internet,https://www.flickr.com/photos/26216388@N02/3639775773
potato_fresh,internet,https://www.flickr.com/photos/37200382@N08/3734290435
potato_fresh,internet,https://www.flickr.com/photos/36521954815@N01/6183337813
potato_fresh,internet,https://www.flickr.com/photos/24773750@N08/36659226044
potato_fresh,internet,https://www.flickr.com/photos/37200382@N08/3665168241
potato_fresh,internet,https://www.flickr.com/photos/72317194@N00/461445755
potato_fresh,internet,https://www.flickr.com/photos/89508513@N02/51303084391
potato_rotten,internet,https://commons.wikimedia.org/wiki/File:Common_scab_on_potato.jpg
potato_rotten,internet,https://commons.wikimedia.org/wiki/File:Streptomyces_Scabies.jpg
carrot_rotten,vetion,carrot_rotten_0226
carrot_rotten,vetion,carrot_rotten_0227
carrot_rotten,vetion,carrot_rotten_0237
carrot_rotten,vetion,carrot_rotten_0241
carrot_rotten,vetion,carrot_rotten_0252
carrot_rotten,vetion,carrot_rotten_0256
carrot_rotten,vetion,carrot_rotten_0259
carrot_rotten,vetion,carrot_rotten_0260
carrot_rotten,vetion,carrot_rotten_0262
carrot_rotten,vetion,carrot_rotten_0263
cucumber_rotten,maheen00shahid,dataset/spoiled_vegetables/000141.jpg
carrot_rotten,maheen00shahid,dataset/spoiled_vegetables/000121.jpg
carrot_rotten,maheen00shahid,dataset/spoiled_vegetables/000124.jpg
carrot_rotten,maheen00shahid,dataset/spoiled_vegetables/000127.jpg
carrot_rotten,maheen00shahid,dataset/spoiled_vegetables/000131.jpg
carrot_rotten,maheen00shahid,dataset/spoiled_vegetables/000135.jpg
carrot_rotten,maheen00shahid,dataset/spoiled_vegetables/moldy_carrot_11.jpg
carrot_rotten,maheen00shahid,dataset/spoiled_vegetables/moldy_carrot_12.jpg
carrot_rotten,maheen00shahid,dataset/spoiled_vegetables/moldy_carrot_14.jpg
carrot_rotten,maheen00shahid,dataset/spoiled_vegetables/moldy_carrot_15.jpg
carrot_rotten,maheen00shahid,dataset/spoiled_vegetables/moldy_carrot_17.jpg
carrot_rotten,maheen00shahid,dataset/spoiled_vegetables/moldy_carrot_18.jpg
carrot_rotten,maheen00shahid,dataset/spoiled_vegetables/moldy_carrot_19.jpg
carrot_rotten,maheen00shahid,dataset/spoiled_vegetables/moldy_carrot_2.jpg
carrot_rotten,maheen00shahid,dataset/spoiled_vegetables/moldy_carrot_22.jpg
carrot_rotten,maheen00shahid,dataset/spoiled_vegetables/moldy_carrot_23.jpg
carrot_rotten,maheen00shahid,dataset/spoiled_vegetables/moldy_carrot_24.jpg
carrot_rotten,maheen00shahid,dataset/spoiled_vegetables/moldy_carrot_26.jpg
carrot_rotten,maheen00shahid,dataset/spoiled_vegetables/moldy_carrot_4.jpg
carrot_rotten,maheen00shahid,dataset/spoiled_vegetables/moldy_carrot_9.jpg
