id,class_name,source,reference
cm00,carrot_fresh,mendeley_carrot,CARROT/GOOD/IMG-20250215-WA0046 (1) (1) (1)-rluuvF.jpg
cm01,carrot_fresh,mendeley_carrot,CARROT/GOOD/IMG-20250215-WA0061 (1) (1) (1).jpg
cm02,carrot_fresh,mendeley_carrot,CARROT/GOOD/IMG-20250215-WA0051 (1) (1) (1)-WuzwEu.jpg
cm03,carrot_fresh,mendeley_carrot,CARROT/GOOD/IMG-20250215-WA0072 (1) (1) (1).jpg
cm04,carrot_fresh,mendeley_carrot,CARROT/GOOD/IMG-20250215-WA0049 (1) (1) (1)-Ep3AVq.jpg
cm05,carrot_fresh,mendeley_carrot,CARROT/GOOD/IMG-20250215-WA0070 (1) (1).jpg
cm06,carrot_fresh,mendeley_carrot,CARROT/GOOD/IMG-20250215-WA0052 (1) (1) (1) (1)-n1lx73.jpg
cm07,carrot_fresh,mendeley_carrot,CARROT/GOOD/IMG-20250215-WA0058 (1) (1).jpg
cm08,carrot_fresh,mendeley_carrot,CARROT/GOOD/IMG-20250215-WA0059 (1) (1) (1).jpg
cm09,carrot_fresh,mendeley_carrot,CARROT/GOOD/IMG-20250215-WA0048 (1) (1) (1)-VGredb.jpg
cm10,carrot_fresh,mendeley_carrot,CARROT/GOOD/IMG-20250215-WA0041 (1) (1) (1)-XMyFGq.jpg
cm11,carrot_fresh,mendeley_carrot,CARROT/GOOD/IMG-20250215-WA0071 (1) (1)-8aWu8C.jpg
cm12,carrot_fresh,mendeley_carrot,CARROT/GOOD/IMG-20250215-WA0069 (1) (1).jpg
ci_37c56437-43e,carrot_fresh,internet,https://www.flickr.com/photos/54408024@N00/6213613465
ci_6b62912a-c2c,carrot_fresh,internet,https://www.flickr.com/photos/7855946@N08/21589011371
ci_ee85f5e1-f16,carrot_fresh,internet,https://www.flickr.com/photos/95721612@N00/8263861051
ci_551717a4-611,carrot_fresh,internet,https://www.flickr.com/photos/13194817@N00/53010063541
ci_55378315-7c6,carrot_fresh,internet,https://www.flickr.com/photos/70414856@N00/366895212
ci_ebe744e7-c9b,carrot_fresh,internet,https://www.flickr.com/photos/66142667@N00/2969800488
ci_606ecfee-917,carrot_fresh,internet,https://www.flickr.com/photos/8274291@N04/5751346000
ci_341d1378-761,carrot_fresh,internet,https://www.flickr.com/photos/17231773@N00/32690690942
ci_wm163602789,carrot_fresh,internet,https://commons.wikimedia.org/wiki/File:Carotte-Poissonerie_macofish.jpg
ci_39d00cd6-507,carrot_fresh,internet,https://www.flickr.com/photos/19757730@N00/4658087437
ci_4b7e6982-d02,carrot_fresh,internet,https://www.flickr.com/photos/55227776@N04/12632444934
ci_ec18ff67-293,carrot_fresh,internet,https://www.flickr.com/photos/8350055@N07/5103555624
ci_535559bc-2c2,carrot_fresh,internet,https://www.flickr.com/photos/7729940@N06/18096465436
ci_97167e27-384,carrot_fresh,internet,https://www.flickr.com/photos/79511840@N00/14977304
