image_id,class_name,split,source_archive_path,sha256,width,height,phash,dhash
tomato_rotten_1282,tomato_rotten,train,Tomato Quality Grading Dataset/Original Dataset/Rotten/IMG_20230401_212233.jpg,332992808726efd0f22331e443ede9e34811af190cd5b0fad09781959a53e23f,765,1024,b4a2db0b3cb4f223,d6e30f06070fb60e
tomato_rotten_1283,tomato_rotten,train,Tomato Quality Grading Dataset/Original Dataset/Rotten/IMG_20230411_233641.jpg,99acd3e43758abdb94efcc6c0eb6c3bac548b5e949d8e350e76d0e49956a9640,768,1024,b32284cc3fb5f072,f0c98e0f1b13448a
tomato_rotten_1284,tomato_rotten,train,Tomato Quality Grading Dataset/Original Dataset/Rotten/IMG_20230410_020355.jpg,8220f6a8007df8cb84fd7646501ddb17117c7a559f48fc70ceba45c5dca8fb9c,1280,960,f233cdcc7c9c3320,c04c0c8c8cccc0e0
tomato_rotten_1285,tomato_rotten,train,Tomato Quality Grading Dataset/Original Dataset/Rotten/IMG_20230410_021111.jpg,a6408c3d4f9d285d54d4d9508dda94b1a85257e5bc0b8c02e14e88838ffe8420,768,1024,e56c9e923361cc8e,b834070f1ce03cac
tomato_rotten_1286,tomato_rotten,train,Tomato Quality Grading Dataset/Original Dataset/Rotten/IMG_20230411_040831.jpg,1061c088b3692e58abe8227c14d1d0c011bed0804df6741d43d3b819641a15b3,768,1024,fb3ac44b4ba4641e,c7192e1f13078680
tomato_rotten_1287,tomato_rotten,train,Tomato Quality Grading Dataset/Original Dataset/Rotten/IMG_20230408_041510.jpg,cc2e919bd86ec7b49f4a88b9eef153cb6e72470c43b66ec97863b39971bd62ec,1280,960,b39a8ecd9836cc64,580d8d8d8ecececd
tomato_rotten_1288,tomato_rotten,train,Tomato Quality Grading Dataset/Original Dataset/Rotten/IMG_20230326_050334.jpg,6a1ded257e6b9dc5aa312e803154bbc093d18438a8805fefda16152fdaf88803,1280,957,b3968c9b34dc13b2,7ccc8c9d8d8dd9f9
tomato_rotten_1289,tomato_rotten,train,Tomato Quality Grading Dataset/Original Dataset/Rotten/IMG_20230331_015423.jpg,43ebe1ff417af403cc46548cf0336f86bfd751c103e8aefc459385f4e56ae705,1280,960,e71adc59716646c8,60244f4e464646c6
tomato_rotten_1290,tomato_rotten,train,Tomato Quality Grading Dataset/Original Dataset/Rotten/IMG_20230411_040419.jpg,f9b7319aec52ed3bb026758694e93fa91d9a55771cb95fe435b50d10f2110741,1280,960,e4099e31916fd396,32278787960f2626
tomato_rotten_1291,tomato_rotten,train,Tomato Quality Grading Dataset/Original Dataset/Rotten/IMG_20230405_014754.jpg,0c5bf83126824f81118cfdc16463a9e6c1e753b606881a923566dc3766cabf09,1280,960,e53392cc499c9d99,284c4e070326647e
tomato_rotten_1292,tomato_rotten,train,Tomato Quality Grading Dataset/Original Dataset/Rotten/IMG_20230408_041504.jpg,955f2972bf3c6eaac1437302d7b74197d581b2689fdc22ccff497d06dc899a0f,1280,960,b173969d694c8cb4,781c8e979396f9da
tomato_rotten_1293,tomato_rotten,train,Tomato Quality Grading Dataset/Original Dataset/Rotten/IMG_20230402_224653.jpg,59abf3df19f592ba4e0c5f47248a22044ba23fa0ec1229b999c9c021e4b480fc,1280,957,a62d8b96993965cc,6f27868e8d8f8dd3
tomato_rotten_1294,tomato_rotten,train,Tomato Quality Grading Dataset/Original Dataset/Rotten/IMG_20230326_051040.jpg,2a102f26393320c38d2f27af24f52172c6b1dd910fef81fa6ce635b0010ea35d,1280,957,b2b6cccc3167a68c,ec9d0d9d9f8dcded
tomato_rotten_1295,tomato_rotten,train,Tomato Quality Grading Dataset/Original Dataset/Rotten/IMG_20230402_224004.jpg,47c31fd3e62aaf663d275480cf9662439b6f1c30967260656450ddf688200b26,765,1024,a5d89a2d69d6a619,04324c07070feace
tomato_rotten_1296,tomato_rotten,train,Tomato Quality Grading Dataset/Original Dataset/Rotten/IMG_20230411_232914.jpg,32f0671a501b37e5f9134a641b048218f5131c22c521bca3b422ad2c5e7cc9d2,768,1024,f883d62829b672cb,0e030c1733170400
tomato_rotten_1297,tomato_rotten,train,Tomato Quality Grading Dataset/Original Dataset/Rotten/IMG_20230407_041642.jpg,7b10e76d677b7010bebafb76ffda66146c099c1a22b2ad02b141eba3df9fdba1,768,1024,e5b69a8969359686,06100e0707060880
tomato_rotten_1298,tomato_rotten,train,Tomato Quality Grading Dataset/Original Dataset/Rotten/IMG_20230401_211631.jpg,604243b8a9f863dddadb9f709dbebc7ebda63b567564b8844a03e498a69a4c25,1280,960,b366ce9b188d8137,efcdce9e9f9fdfef
tomato_rotten_1299,tomato_rotten,train,Tomato Quality Grading Dataset/Original Dataset/Rotten/IMG_20230410_021055.jpg,ed28ee26c7c03dd585222d10b27049ead541baaf273fb6bf58f2ac47d0248801,768,1024,f8e987966a693c84,1956131b0f1c53ae
tomato_rotten_1300,tomato_rotten,train,Tomato Quality Grading Dataset/Original Dataset/Rotten/IMG_20230402_224000.jpg,db6df4c5535cb4a8fd467adc8c444b9eb82e6b3d2dc8691940f987854d14faf4,765,1024,b4bac3c32c9c3333,305a0c270f0e328e
tomato_rotten_1301,tomato_rotten,train,Tomato Quality Grading Dataset/Original Dataset/Rotten/IMG_20230327_024006.jpg,c2207ac8c1a4f8a17929ba22e9224c68920a895f8b0848f41b3c433ceb195e70,1280,960,e1629ec969666699,cf8f8fce5ececea2
tomato_rotten_1302,tomato_rotten,train,Tomato Quality Grading Dataset/Original Dataset/Rotten/IMG_20230411_233120.jpg,1b1377de5b215536b621e7207a05bd693e6643d5a901b066a707b64eb42476ad,768,1024,f233854d4ba32cce,c01c2f1d0d2f1ee0
tomato_rotten_1303,tomato_rotten,train,Tomato Quality Grading Dataset/Original Dataset/Rotten/IMG_20230411_040451.jpg,285d1a54578b8db34c9a92e5d1876ad307f9bbeee6c68241709ea09307a56bad,1280,960,ed71929ccc4a7265,391b0f8327666262
tomato_rotten_1304,tomato_rotten,train,Tomato Quality Grading Dataset/Original Dataset/Rotten/IMG_20230405_014419.jpg,b5edfd46c63569d2724ff5a9ef470f2c5bfcf734b8f040c007971673aa5a82ac,1280,960,b0329bc76ddc2670,1d1d1f16160e19db
tomato_rotten_1305,tomato_rotten,train,Tomato Quality Grading Dataset/Original Dataset/Rotten/IMG_20230326_050641.jpg,eccb151f1c7fef60e4d6380beaa7a985f496b2faa341d339b6753645b32d4c5a,1280,957,a7e69899652d2666,d8cfcfcecfcfdad6
tomato_rotten_1306,tomato_rotten,train,Tomato Quality Grading Dataset/Original Dataset/Rotten/IMG_20230402_223249.jpg,c071ea699d373323444f2ecfe3325c5c2118693d55de8cdfec532aaf4100d016,1280,960,a4268e99396566cf,ae6e468e1e9f99e6
tomato_rotten_1307,tomato_rotten,train,Tomato Quality Grading Dataset/Original Dataset/Rotten/IMG_20230402_224536.jpg,dfaae5149c951148854e9b6dc72e0e8bc5f7b7b3eb96c76eec1b17e4bff563ef,1280,957,a6369a9839996667,7f0d4e0e0e0fffff
tomato_rotten_1308,tomato_rotten,train,Tomato Quality Grading Dataset/Original Dataset/Rotten/IMG_20230401_212225.jpg,4c0b690625a7faa712b7b30ca1359dec58e1533256e963efbbd2a1586ca55c84,1280,957,b2cbcd30647333cc,df9f8f8f8f8d9ff7
tomato_rotten_1309,tomato_rotten,train,Tomato Quality Grading Dataset/Original Dataset/Rotten/IMG_20230327_023952.jpg,b57657fa33a6bf27921355d19876ca986b49a4700aed89d40c54550eb516f6aa,1280,960,b236cd9b64c93334,d99d8d8f8d8d99f1
tomato_rotten_1310,tomato_rotten,train,Tomato Quality Grading Dataset/Original Dataset/Rotten/IMG_20230405_012922.jpg,93a1e187d386178ef381295aa80e3f81d47a995542cf913d91f5904b7dd48b34,1280,957,a1f69a9969662699,4c0d0e0e8e8e9ffb
tomato_rotten_1311,tomato_rotten,train,Tomato Quality Grading Dataset/Original Dataset/Rotten/IMG_20230402_224545.jpg,7d273b3af2a581b9bb974162d889075a5ae7b7f0fb5868c1d775c8942d0b7064,1280,957,a631993c269f9e2c,3eff0f4d0f4ffbff
tomato_rotten_1312,tomato_rotten,train,Tomato Quality Grading Dataset/Original Dataset/Rotten/IMG_20230408_041531.jpg,0a1a76452f1e3e1202a44f4077124d75571340307d0d8d0101ec5dfca0e53579,1280,960,a1f39e9c69689323,78584b179fdbf9db
tomato_rotten_1313,tomato_rotten,train,Tomato Quality Grading Dataset/Original Dataset/Rotten/IMG_20230327_024457.jpg,e653a447c9f3bc52bad086ccbb2f911b631dbac41ab1625448763be3cc823211,1280,960,a0b3cb4d99dc6c64,988c9d9d8687a7e5
tomato_rotten_1314,tomato_rotten,train,Tomato Quality Grading Dataset/Original Dataset/Rotten/IMG_20230329_225735.jpg,2ed2b1763a1166ae39282549040d1a30bb8b66611f6cc42e08c21535957efd25,768,1024,b0facf8f30b0c323,84320c9f0f0fb656
tomato_rotten_1315,tomato_rotten,train,Tomato Quality Grading Dataset/Original Dataset/Rotten/IMG_20230405_012856.jpg,ad2cf4325aa8de3ca0f01dbfb8fe0af39f4a6ce7a5c1d8dcfbe8793b1bdd7e97,765,1024,f59adf28309683c9,09230d0e170fa2c6
tomato_rotten_1316,tomato_rotten,train,Tomato Quality Grading Dataset/Original Dataset/Rotten/IMG_20230329_230004.jpg,0665a4bcf76786adca168fac4dd001e9317e301d28a6f4e3631b4dab8a68c22c,768,1024,b3f3c1cc2e9ed030,661a1d1e0e9f0f0f
tomato_rotten_1317,tomato_rotten,train,Tomato Quality Grading Dataset/Original Dataset/Rotten/IMG_20230331_015204.jpg,26d3c2f3295f5c9182ebb0d4ba69da4759dfdd1a320a62d5d45efbd27213ec07,1280,960,f399cc593330c656,00234f0d0f0f07c5
tomato_rotten_1318,tomato_rotten,train,Tomato Quality Grading Dataset/Original Dataset/Rotten/IMG_20230402_224322.jpg,5372564e91f762449a78ef023fc28164e894e1ed9b6eb39ba8c1b5597a4231a7,765,1024,b2c7cd18c9213ced,300c0e0f1f1f1f26
tomato_rotten_1319,tomato_rotten,train,Tomato Quality Grading Dataset/Original Dataset/Rotten/IMG_20230402_224531.jpg,bd0b27c08c637a4d2492fe483831bfdd3ea85b1aea31ade1011e27926fe7f1c7,1280,957,b033cf1c360733cd,fa9f9f9f9f9bf7ef
tomato_rotten_1320,tomato_rotten,train,Tomato Quality Grading Dataset/Original Dataset/Rotten/IMG_20230321_213508.jpg,e870324f76aba850fd05497837f39e4371b569c4c0ec0f600ba54943afb74626,765,1024,e5de9aa86192c66a,08130c0e0f8f9186
tomato_rotten_1321,tomato_rotten,train,Tomato Quality Grading Dataset/Original Dataset/Rotten/IMG_20230407_041558.jpg,cb1b3c7ddaa9c4adb9d186da9c384faccb1ce896a01c1894eb50ff21d4b3b498,768,1024,e19e9e6961960b59,0606200e978f4680
tomato_rotten_1322,tomato_rotten,train,Tomato Quality Grading Dataset/Original Dataset/Rotten/IMG_20230323_235738.jpg,70d5fd49468ae16a2f3e0631fd28fe5fbf0aa57add11110e9383da1a1f8745fc,765,1024,e5aa986a6394947b,4409260707071a06
tomato_rotten_1323,tomato_rotten,train,Tomato Quality Grading Dataset/Original Dataset/Rotten/IMG_20230407_041842.jpg,d535040afb9bd2b70bfa293408b9b20ee7f7f5f6054783adada83b92be38523e,1280,960,b0e7cf3224c939cc,3c0c969e9d9f9bf5
tomato_rotten_1324,tomato_rotten,train,Tomato Quality Grading Dataset/Original Dataset/Rotten/IMG_20230402_224558.jpg,847b130c0efb760b16a4ae945b65f3978ae3eb6b3d7ea77c783f36301ef6a900,1280,957,a3648e929ad999d9,6ecece8e8d9fdff7
tomato_rotten_1325,tomato_rotten,train,Tomato Quality Grading Dataset/Original Dataset/Rotten/IMG_20230411_233511.jpg,554587b42f313e799420d70ec195b33b9c93a734d7bc96657650aed476185100,768,1024,f58acf247293694c,0403030d070e0c90
tomato_rotten_1326,tomato_rotten,train,Tomato Quality Grading Dataset/Original Dataset/Rotten/IMG_20230405_014053.jpg,eb6997a374888e0a8af91253d077a2af544cdee9198c2e59ec8ef3e364bf9fa3,768,1024,bcc0c32d2df070cf,1a269d0e2f1f0f26
tomato_rotten_1327,tomato_rotten,train,Tomato Quality Grading Dataset/Original Dataset/Rotten/IMG_20230407_042218.jpg,826b3dd8df01af4785c33819184d3b66527a58aa486f130d109b2f20f55bc332,1280,960,b2f6cd9934663322,9c180d8d9d9bddf7
tomato_rotten_1328,tomato_rotten,train,Tomato Quality Grading Dataset/Original Dataset/Rotten/IMG_20230411_040102.jpg,db3a95437fb88f4cc97f5df62b4d4b41f8fec890815d03dd8bde8849b48cdc71,768,1024,bb96c462370dd8b8,3f6d395f1f9be3fc
tomato_rotten_1329,tomato_rotten,train,Tomato Quality Grading Dataset/Original Dataset/Rotten/IMG_20230402_223301.jpg,5c5c8ba9befc75e6b7746d3929084fdb16cad5b2f6d0e8d6f8e5006769db5f8d,1280,960,a627989925b99b66,efae4e0e0f8fbfe7
tomato_rotten_1330,tomato_rotten,train,Tomato Quality Grading Dataset/Original Dataset/Rotten/IMG_20230407_041846.jpg,f9fd3cb1c738d2447fb5931418d8f41ff18f1cea04c0b97ea2f8ea2233774a0b,1280,960,b0e78f30ccb92666,3c0c8e96968d9ff7
tomato_rotten_1331,tomato_rotten,train,Tomato Quality Grading Dataset/Original Dataset/Rotten/IMG_20230327_024328.jpg,4c2dd242a333c42559069ce7dfcb67a8a841267f8d19e5b73dc350a4e17126b4,1280,960,b3b2cd99342433b3,d9d98d9d9d9f9be3
tomato_rotten_1332,tomato_rotten,train,Tomato Quality Grading Dataset/Original Dataset/Rotten/IMG_20230329_230240.jpg,9a48eee7ceb2c48452fe1b427e8c0a4fe01a2a1fc76958fa25e9f47d4988231e,1280,960,b133ce9859996633,dfcfcf9e9e8f9fd6
tomato_rotten_1333,tomato_rotten,train,Tomato Quality Grading Dataset/Original Dataset/Rotten/IMG_20230329_225532.jpg,f7f2c6fa2a35398b60f2ee98630cb75bab2f8f16a797924b00595ef5e3e8ffa1,768,1024,efc8d0b22e8ce869,0c0a13676f1f0c00
tomato_rotten_1334,tomato_rotten,train,Tomato Quality Grading Dataset/Original Dataset/Rotten/IMG_20230331_015124.jpg,96af7569f12f63244b54b54622f393abe016e7be2c5778e4bf3a72623780f484,768,1024,a5a09b8a6d7d9722,f6ec0e170f070c4e
tomato_rotten_1335,tomato_rotten,train,Tomato Quality Grading Dataset/Original Dataset/Rotten/IMG_20230401_211601.jpg,2a6807103fb1641f97e0671af62ebbc4164b9e2cb432dd1fb0246f8695fc6797,1280,960,b0decf3019e36689,ff9f8f9f9e9fcff3
tomato_rotten_1336,tomato_rotten,train,Tomato Quality Grading Dataset/Original Dataset/Rotten/IMG_20230407_041647.jpg,2a632514136556bd4ff69e48140900127387102fb40f8d45a25f1b952683da9a,768,1024,e5ba98256592dc69,0400040747071800
tomato_rotten_1337,tomato_rotten,train,Tomato Quality Grading Dataset/Original Dataset/Rotten/IMG_20230411_233838.jpg,aa553730c2440f6ae0da942be878cae2fc6e4b29c435074a205b359189cd6692,768,1024,f6cec93836c2914d,00230d0f0f1f4108
tomato_rotten_1338,tomato_rotten,train,Tomato Quality Grading Dataset/Original Dataset/Rotten/IMG_20230411_233557.jpg,759733de95e715c617eda5da7c2c6027bc7ca360e012ddce2230cea52792d85c,768,1024,e18a8d27339acd6c,e0c3830d0f0ebe0a
tomato_rotten_1339,tomato_rotten,train,Tomato Quality Grading Dataset/Original Dataset/Rotten/IMG_20230407_041522.jpg,65adb4318be27a5d098d3b13277886f9685173f6ec26c9040673fee0fa2b784f,765,1024,fcb4d38b6c8ce032,06480e270f8f2080
tomato_rotten_1340,tomato_rotten,train,Tomato Quality Grading Dataset/Original Dataset/Rotten/IMG_20230405_013622.jpg,f9eb0fc1d222472533b8445d5fd48b4e8bc6c6ed4af1b07fc53a6ee56db0245a,1280,957,a5e49a9b096427f3,9c8c86861f1f8ddb
tomato_rotten_1341,tomato_rotten,train,Tomato Quality Grading Dataset/Original Dataset/Rotten/IMG_20230327_024013.jpg,87a224b5588699b5542daae210ea0bf2280ff7bc172484f6a9ea121586e41bc7,1280,960,a727989a49996667,cfcfcfcfcfcfcba2
tomato_fresh_1342,tomato_fresh,train,Tomato Quality Grading Dataset/Original Dataset/Fresh/IMG_20230311_014148.jpg,f364fcbc5ddddfa9c310c8d03292613484a304e44e682b8e713be60e4da955af,1280,957,a79a986d4db26649,706a4c4e464e4c76
tomato_fresh_1343,tomato_fresh,train,Tomato Quality Grading Dataset/Original Dataset/Fresh/IMG_20230311_014304.jpg,17f077108fadafeacc5797afa0735a4db751b85c37c8820aa04d0f9a7cbccd1b,1280,957,e5b19a999a96614b,784646464646666e
tomato_fresh_1344,tomato_fresh,train,Tomato Quality Grading Dataset/Original Dataset/Fresh/IMG_20230320_022940.jpg,4b6f974c627dfa766ebb5a4b1967317d5cb4d896a5a7e8a8dad1b62b3f0caefe,1280,957,a7369898c9db6664,bc9c4e4f0e0edee6
tomato_fresh_1345,tomato_fresh,train,Tomato Quality Grading Dataset/Original Dataset/Fresh/IMG_20230311_014058.jpg,edffd188b2a8e901c21f2337333b971e63abff67770f05949ece0e3837b8e2f9,1280,957,b3f2cc9933368c13,98180c0d1b1b15f7
tomato_fresh_1346,tomato_fresh,train,Tomato Quality Grading Dataset/Original Dataset/Fresh/IMG_20230323_234252.jpg,ace99e807d8bbee44d5d780eba6cfd4b06dbbe4113d99ec38feb907e97173696,1280,957,b39ccc3332db868c,f6d6cece8e8ecee6
tomato_fresh_1347,tomato_fresh,train,Tomato Quality Grading Dataset/Original Dataset/Fresh/IMG_20230311_013850.jpg,5218dbee3fe1aab3a702593fb452856ce18b16e67598b5febc9095433803b9c9,1280,957,b238c9c31d9e6639,b88d0d0f8ece9ed6
tomato_fresh_1348,tomato_fresh,train,Tomato Quality Grading Dataset/Original Dataset/Fresh/IMG_20230320_023352.jpg,577f2494dfe17857cca4f4148ff5c9994b1326ed1e5331bdb139e0ec9eb5a60b,1280,957,a736989b31692766,fccdcfcecfcfeae2
tomato_fresh_1349,tomato_fresh,train,Tomato Quality Grading Dataset/Original Dataset/Fresh/IMG_20230320_023847.jpg,fc893035625aa068d505880ee7de8d8a40e8347bd43c8216814e39485e773802,1280,957,b3f3cc8ccc8c3133,f8d8da9e9edad6e6
tomato_fresh_1350,tomato_fresh,train,Tomato Quality Grading Dataset/Original Dataset/Fresh/IMG_20230316_032205.jpg,cdf04056632e06a62ce8caa499bea8d667d58721a2e83ab8418218718d3b05f6,765,1024,e5fada292196c619,00130d0e0f073080
tomato_fresh_1351,tomato_fresh,train,Tomato Quality Grading Dataset/Original Dataset/Fresh/IMG_20230316_030435.jpg,08207d0f73fbd56defd938a850a4edf01268f9c0f1c98f0aadda43e31463ba42,765,1024,ec7497c3699c4c64,230c26230f4772d2
tomato_fresh_1352,tomato_fresh,train,Tomato Quality Grading Dataset/Original Dataset/Fresh/IMG_20230316_031921.jpg,0c7d265ec0586e0e03db4cc270a25ecd8a24f93782b9c1d2a85e777188e6a9d8,1280,957,b69cc1e09e679938,a62e2e2e0e0ecece
tomato_fresh_1353,tomato_fresh,train,Tomato Quality Grading Dataset/Original Dataset/Fresh/IMG_20230331_015650.jpg,56843479cb65c4f4db7c37c4a20e9cae4e62577f95aa3f066446080572916766,1280,960,f066c719379818cf,0606971f1f1f9342
tomato_fresh_1354,tomato_fresh,train,Tomato Quality Grading Dataset/Original Dataset/Fresh/IMG_20230326_050727.jpg,7e75afed8de880fe98024b4e70db46da36739d77e2b1ab8a52e39e02aaa85fd8,1280,957,b3dc8c33338c9933,f8ec8dcdcdcdcced
tomato_fresh_1355,tomato_fresh,train,Tomato Quality Grading Dataset/Original Dataset/Fresh/IMG_20230327_023623.jpg,2678f04ba6ab08dbec63172cf89301ca4b2db8cad42846254ecd320a353215ca,768,1024,bec9d0246b3acce8,2544274f27273f18
tomato_fresh_1356,tomato_fresh,train,Tomato Quality Grading Dataset/Original Dataset/Fresh/IMG_20230318_020559.jpg,d2e80fbe93af85853bceb893d71c0f4e973210b356c1714f4603f58356466cf8,765,1024,f3d98c26339946cc,8224131c0fcfd3c2
tomato_fresh_1357,tomato_fresh,train,Tomato Quality Grading Dataset/Original Dataset/Fresh/IMG_20230314_012444.jpg,816cfcf545f7141936de1b672f3259718e2e989a185e6eecba71fddc954f4ddb,765,1024,f59a9925309ac739,0406090f0e0e920a
tomato_fresh_1358,tomato_fresh,train,Tomato Quality Grading Dataset/Original Dataset/Fresh/IMG_20230314_012711.jpg,8349ecf0b3874b93666d729a6c8c59650190d32303c0bc8b590350c852c01c3d,765,1024,f4c3c93c3ee24c19,40020a0d1f060502
tomato_fresh_1359,tomato_fresh,train,Tomato Quality Grading Dataset/Original Dataset/Fresh/IMG_20230323_234245.jpg,60bf6e699fd00dc9fc2155d167013bb3391250a104492af8cb4443a9e752c06f,1280,957,b0b3cf99342433c7,dc9e9e9e9e9e96e6
tomato_fresh_1360,tomato_fresh,train,Tomato Quality Grading Dataset/Original Dataset/Fresh/IMG_20230314_013031.jpg,f5ac3960b930b048690ea222a545ad449e8d726eb62ed9d03bf3119f85b70137,1280,957,b3b3cccc30993366,b9094d4dcdcf9b9f
tomato_fresh_1361,tomato_fresh,train,Tomato Quality Grading Dataset/Original Dataset/Fresh/IMG_20230315_000117.jpg,699c778da8c5361afa25d6fef1cc2905940d5b59f5d200a9831be443863dcda4,1280,957,a699cb333865c996,f8ecc6868e8eceec
tomato_fresh_1362,tomato_fresh,train,Tomato Quality Grading Dataset/Original Dataset/Fresh/IMG_20230411_233831.jpg,c35b4bd67f2bf3b9fab7b27930872bb610c7cea9aa747ffdfb3eec0ebb1e5606,768,1024,e49e9b293c969349,f0620c0e070f2704
tomato_fresh_1363,tomato_fresh,train,Tomato Quality Grading Dataset/Original Dataset/Fresh/IMG_20230311_013608.jpg,a20d9e0a55dbb431fb319bfb2acc9accac7595811215c1e12e44c2c120e96c68,1280,957,b387cd99369093c6,dccedd9d9d9d9ded
tomato_fresh_1364,tomato_fresh,train,Tomato Quality Grading Dataset/Original Dataset/Fresh/IMG_20230314_013447.jpg,6cb6a646c0637f1b90bac9ac14609e045e3290f0346f0bdb970406d00aa6a4b5,1280,957,b1b3ce9d30c69331,fcdeda9e9edee6e6
tomato_fresh_1365,tomato_fresh,train,Tomato Quality Grading Dataset/Original Dataset/Fresh/IMG_20230311_014751.jpg,e86da8ae124392c3e0a026e01374857fc7303b086b86f15896477e10b434613a,765,1024,e9b994c26a3e8d61,80c8130b03c30cc0
tomato_fresh_1366,tomato_fresh,train,Tomato Quality Grading Dataset/Original Dataset/Fresh/IMG_20230318_020529.jpg,c53164d8475b596b04f431764f16006d9a4304bbb44b2437b1397091eb1a240d,765,1024,f1f7863864973348,00220c0f131bc8c0
tomato_fresh_1367,tomato_fresh,train,Tomato Quality Grading Dataset/Original Dataset/Fresh/IMG_20230314_012434.jpg,ebb69e97051b904184fb94046bdafebd1cdade8ca117baf0185f4508455c24b2,765,1024,e59e982530d66b39,1006100d170f8299
tomato_fresh_1368,tomato_fresh,train,Tomato Quality Grading Dataset/Original Dataset/Fresh/IMG_20230323_235757.jpg,30f002aeb9d75ee646533ff71ddeda6dfe341c2dcaec01b548c36f2ee189c7bf,765,1024,e4ea9b2864969a6b,0102040607170a84
tomato_fresh_1369,tomato_fresh,train,Tomato Quality Grading Dataset/Original Dataset/Fresh/IMG_20230316_032508.jpg,da51353945a5a6ba156f96d9f5d7e887567368e76622005bf580670b7966f2d7,765,1024,e39e9c6963969a48,4203090f0f0f6800
tomato_fresh_1370,tomato_fresh,train,Tomato Quality Grading Dataset/Original Dataset/Fresh/IMG_20230327_024137.jpg,6c27e8200e50c3f49003b77999dd0789f436f45883116d16e7bf9e0fb6885802,1280,960,e58e92696d93946a,a6a6868787979dc7
tomato_fresh_1371,tomato_fresh,train,Tomato Quality Grading Dataset/Original Dataset/Fresh/IMG_20230311_013732.jpg,3e57fb81e674618a9c73e3b607711937f4d136d16bc602cfd29071ce4b7a21b9,1280,957,a64499db93124bdb,fce6c6cecfc7ceeb
tomato_fresh_1372,tomato_fresh,train,Tomato Quality Grading Dataset/Original Dataset/Fresh/IMG_20230410_020338.jpg,c8899cb1c19f46b2e18eb7b942dd8cb5900cccffb7533ae0f75ba52d13dadac9,1280,960,f438cbc72c3c3368,305c1c2e040c44e0
tomato_fresh_1373,tomato_fresh,train,Tomato Quality Grading Dataset/Original Dataset/Fresh/IMG_20230405_014506.jpg,7473b6e7cf1994c4077ab01394180fe349f911a2e04d710043d69a148d273c79,1280,960,b3778e98995b2264,0c0c0e1e1e0d0d63
tomato_fresh_1374,tomato_fresh,train,Tomato Quality Grading Dataset/Original Dataset/Fresh/IMG_20230318_020723.jpg,7dc79dba95a3980b67cdfcbde4199fb80300b50dcc2bda8ccc3a065be4308784,1280,957,a798986439b226df,cc4d4d4f4e4fcdf3
tomato_fresh_1375,tomato_fresh,train,Tomato Quality Grading Dataset/Original Dataset/Fresh/IMG_20230311_014719.jpg,aa4542f6a03b32b94880f5867aee66ec256abc1901d64665453c46d7efa87ad1,765,1024,fa9585623e91691e,c044120b2f0b4400
tomato_fresh_1376,tomato_fresh,train,Tomato Quality Grading Dataset/Original Dataset/Fresh/IMG_20230402_223504.jpg,17decdff9625cb04f9b25ad97812951e99a5850734a93cdf9ac901ba4b916a7e,768,1024,b8edc6ba38e4e310,0628060f1f1f2d8c
tomato_fresh_1377,tomato_fresh,train,Tomato Quality Grading Dataset/Original Dataset/Fresh/IMG_20230327_024003.jpg,75743e69945869aa70b677bb8cfc8fe63fc553505457dad7576c0c8d8c468e53,1280,960,e722989769cd6499,c7cf87ce4ececea2
tomato_fresh_1378,tomato_fresh,train,Tomato Quality Grading Dataset/Original Dataset/Fresh/IMG_20230311_014713.jpg,2b6257319c6a1174001b1dbcc99778ce1488a5719e75844bd861322510736610,765,1024,f59acb2538c2738c,d006080f170f0e90
tomato_fresh_1379,tomato_fresh,train,Tomato Quality Grading Dataset/Original Dataset/Fresh/IMG_20230311_014029.jpg,dccac369ee6a91ca62d8f3bd2ebf6c961d48b378d8af1dfd4ded879ab11f8031,1280,957,b3d7cc38349313cc,b8981a9d9d9b19f7
tomato_fresh_1380,tomato_fresh,train,Tomato Quality Grading Dataset/Original Dataset/Fresh/IMG_20230314_235802.jpg,82a44f682408799772fc6bfe00bf14efd370507726b8ce573616ee07b308c016,765,1024,b9c6c439e6e41bc1,82060a0d1f1b17c0
tomato_fresh_1381,tomato_fresh,train,Tomato Quality Grading Dataset/Original Dataset/Fresh/IMG_20230326_050933.jpg,2afcca90e3d69eac7779a41f65b4a78c22f9c28db3c4197b7c8a792ac2b12fff,1280,957,a6f3994c36336686,e6cacdcdcfe7e2f2
tomato_fresh_1382,tomato_fresh,train,Tomato Quality Grading Dataset/Original Dataset/Fresh/IMG_20230331_015429.jpg,d7333cdc4807c8cfa50367b0e27af8153edee89c636f3348cfc1c961fc762a9a,1280,960,e5999a363192e6c9,1207070606070766
tomato_fresh_1383,tomato_fresh,train,Tomato Quality Grading Dataset/Original Dataset/Fresh/IMG_20230329_230344.jpg,0eace4b751a5a2a8be70db2414c5ff974733b1996e4a8439fcdec104fb16661e,768,1024,b430d3c32c9cd673,3e1e1e370f0f1284
tomato_fresh_1384,tomato_fresh,train,Tomato Quality Grading Dataset/Original Dataset/Fresh/IMG_20230407_042346.jpg,9926abc70212a661022743eff1e28de9fa596e4592ff448f625aa1c2d5d586cb,1280,960,b4c7990cd935cd98,7c4c4e0faf2716bd
tomato_fresh_1385,tomato_fresh,train,Tomato Quality Grading Dataset/Original Dataset/Fresh/IMG_20230314_235636.jpg,3939dd2b94c960c2291e1f88409794070089f453e3e3ae3f2af593cbed2bdb65,765,1024,e5aa922d6592966d,09020d0707061800
tomato_fresh_1386,tomato_fresh,train,Tomato Quality Grading Dataset/Original Dataset/Fresh/IMG_20230331_014828.jpg,dff507bff0f6a2a679325f64642e9f0d06564508afafd3eeb7d2215b493e7aa7,1280,960,a777989865732694,3d5f4f4f4f4f5fff
tomato_fresh_1387,tomato_fresh,train,Tomato Quality Grading Dataset/Original Dataset/Fresh/IMG_20230320_024000.jpg,57ec2fed862d843e942791df7b53259e223d923cec6ef4361c9d5aad7a7fb74b,1280,957,f71998a66c3198c7,40480e0e4e4c4c60
tomato_fresh_1388,tomato_fresh,train,Tomato Quality Grading Dataset/Original Dataset/Fresh/IMG_20230311_014703.jpg,fc8b6ac1075d7d063f90b047a55c54c8e62b64628baef33ec957392d342026be,765,1024,f59acf2430936d2c,2004230d07070c80
tomato_fresh_1389,tomato_fresh,train,Tomato Quality Grading Dataset/Original Dataset/Fresh/IMG_20230314_235230.jpg,9fd9faedfc9f9c86f87e71bf31dd30756139b8d609860f91aec42804488eff17,765,1024,b38bcd24349b7349,e8e60d1f0f0f320a
tomato_fresh_1390,tomato_fresh,train,Tomato Quality Grading Dataset/Original Dataset/Fresh/IMG_20230311_014800.jpg,4c5a0923241ffb159f6fb8d3292a1b7608f87d5d5724172a53c23dfb2d5b6030,765,1024,ebb5946a6b95c430,ca411e0b0b834040
tomato_fresh_1391,tomato_fresh,train,Tomato Quality Grading Dataset/Original Dataset/Fresh/IMG_20230314_013416.jpg,018100abe6437e032a1c334e5f2e956dfc17cde3828910a5bd3575dbeb8c9282,1280,957,b3f38cd832e69303,dedece8c9e9ee6f6
tomato_fresh_1392,tomato_fresh,train,Tomato Quality Grading Dataset/Original Dataset/Fresh/IMG_20230401_211229.jpg,3880673d1833909171da15b26b0c8b80a640d75e50ab45745fe5a08a164c3fa2,1280,960,b3df8b2c8d330433,fd0d0f1f9e1f0ddb
tomato_fresh_1393,tomato_fresh,train,Tomato Quality Grading Dataset/Original Dataset/Fresh/IMG_20230314_012408.jpg,94d29d0bbcf8f60dc886a6001cb6e51b27209f265cd9e5141acc061047fcf15d,765,1024,edda922c90f26d8c,0503030d37070608
tomato_fresh_1394,tomato_fresh,train,Tomato Quality Grading Dataset/Original Dataset/Fresh/IMG_20230314_012455.jpg,060fe3137dd9f7a8f98e1fb95433e5e2de9d76eb7b3429af8455fb0512c5d083,765,1024,edbf920869969668,0509050703068408
tomato_fresh_1395,tomato_fresh,train,Tomato Quality Grading Dataset/Original Dataset/Fresh/IMG_20230316_032249.jpg,9714670d3d8dfc214fdd09f391149e6695d6a900a482653309cd3c135f061d71,765,1024,f5aacc2430dacb6c,0107090d0e0e2484
tomato_fresh_1396,tomato_fresh,train,Tomato Quality Grading Dataset/Original Dataset/Fresh/IMG_20230323_234515.jpg,6d7f351a0cc8eca19ab4190f4824bebf4336a46c45acd4d34764f14b7084a84a,1280,957,a3639c966adc846b,fccbd797cbc7f3f2
tomato_fresh_1397,tomato_fresh,train,Tomato Quality Grading Dataset/Original Dataset/Fresh/IMG_20230327_023845.jpg,e9058aad3656e53599fab4647feec2a5d1005a484eb9bd60552b5f5a8351bfca,768,1024,bee6c0983f64f092,0810060f3f3cc616
tomato_fresh_1398,tomato_fresh,train,Tomato Quality Grading Dataset/Original Dataset/Fresh/IMG_20230321_213022.jpg,e90e48d0b1dbdb867f82cade9aa808cebe86dafb7252072a408cfa53e0143670,1280,957,b396cc330dcd32cc,f9c9cddfddcdd9f1
tomato_fresh_1399,tomato_fresh,train,Tomato Quality Grading Dataset/Original Dataset/Fresh/IMG_20230331_014903.jpg,2e3d134ebdc472f40ba4e0007f043171d572b75994f818f9b2817d971e961bee,1280,960,b033cbe64ce33299,1d1f1f17170d1fb7
tomato_fresh_1400,tomato_fresh,train,Tomato Quality Grading Dataset/Original Dataset/Fresh/IMG_20230326_051055.jpg,bbfbd175dd24cb84ccff125b25a23c9284a2cf0de61a6805caec949dbd71165b,1280,957,a6f498c56706a69b,a4854dcfcecfcded
tomato_fresh_1401,tomato_fresh,train,Tomato Quality Grading Dataset/Original Dataset/Fresh/IMG_20230316_030945.jpg,97b5bf3d30e8839d8493d95609dc2dcc64d51fe3e9299deb08c76e2cd1c8bd38,1280,957,b192cfb99ccc3322,fcdc9d9f9f9bc2e2
