source_archive_path,true_class
Tomato Quality Grading Dataset/Original Dataset/Rotten/IMG_20230124_012828.jpg,tomato_rotten
Tomato Quality Grading Dataset/Original Dataset/Rotten/IMG_20230124_013319.jpg,tomato_rotten
Tomato Quality Grading Dataset/Original Dataset/Rotten/IMG_20230207_002349.jpg,tomato_rotten
Tomato Quality Grading Dataset/Original Dataset/Rotten/IMG_20230130_024350.jpg,tomato_rotten
Tomato Quality Grading Dataset/Original Dataset/Rotten/IMG_20230124_012807.jpg,tomato_rotten
Tomato Quality Grading Dataset/Original Dataset/Rotten/IMG_20230201_233732.jpg,tomato_rotten
Tomato Quality Grading Dataset/Original Dataset/Rotten/IMG_20230201_233420.jpg,tomato_rotten
Tomato Quality Grading Dataset/Original Dataset/Rotten/IMG_20230207_002032.jpg,tomato_rotten
Tomato Quality Grading Dataset/Original Dataset/Rotten/IMG_20230128_231433.jpg,tomato_rotten
Tomato Quality Grading Dataset/Original Dataset/Rotten/IMG_20230131_003921.jpg,tomato_rotten
Tomato Quality Grading Dataset/Original Dataset/Rotten/IMG_20230207_002437.jpg,tomato_rotten
Tomato Quality Grading Dataset/Original Dataset/Rotten/IMG_20230128_231229.jpg,tomato_rotten
Tomato Quality Grading Dataset/Original Dataset/Rotten/IMG_20230201_233245.jpg,tomato_rotten
Tomato Quality Grading Dataset/Original Dataset/Rotten/IMG_20230130_024147.jpg,tomato_rotten
Tomato Quality Grading Dataset/Original Dataset/Rotten/IMG_20230207_002250.jpg,tomato_rotten
Tomato Quality Grading Dataset/Original Dataset/Rotten/IMG_20230204_003510.jpg,tomato_rotten
Tomato Quality Grading Dataset/Original Dataset/Rotten/IMG_20230127_002114.jpg,tomato_rotten
Tomato Quality Grading Dataset/Original Dataset/Rotten/IMG_20230204_003217.jpg,tomato_rotten
Tomato Quality Grading Dataset/Original Dataset/Rotten/IMG_20230204_003434.jpg,tomato_rotten
Tomato Quality Grading Dataset/Original Dataset/Rotten/IMG_20230131_004008.jpg,tomato_rotten
Tomato Quality Grading Dataset/Original Dataset/Rotten/IMG_20230201_233622.jpg,tomato_rotten
Tomato Quality Grading Dataset/Original Dataset/Rotten/IMG_20230120_221806.jpg,tomato_rotten
Tomato Quality Grading Dataset/Original Dataset/Rotten/IMG_20230201_233706.jpg,tomato_rotten
Tomato Quality Grading Dataset/Original Dataset/Rotten/IMG_20230207_002011.jpg,tomato_rotten
Tomato Quality Grading Dataset/Original Dataset/Rotten/IMG_20230128_231155.jpg,tomato_rotten
Tomato Quality Grading Dataset/Original Dataset/Rotten/IMG_20230207_002108.jpg,tomato_rotten
Tomato Quality Grading Dataset/Original Dataset/Rotten/IMG_20230125_001642.jpg,tomato_rotten
Tomato Quality Grading Dataset/Original Dataset/Rotten/IMG_20230204_003429.jpg,tomato_rotten
Tomato Quality Grading Dataset/Original Dataset/Rotten/IMG_20230207_002255.jpg,tomato_rotten
Tomato Quality Grading Dataset/Original Dataset/Rotten/IMG_20230207_002329.jpg,tomato_rotten
Tomato Quality Grading Dataset/Original Dataset/Fresh/IMG_20230113_135410.jpg,tomato_fresh
Tomato Quality Grading Dataset/Original Dataset/Fresh/IMG_20230114_145421.jpg,tomato_fresh
Tomato Quality Grading Dataset/Original Dataset/Fresh/20230104_121802.jpg,tomato_fresh
Tomato Quality Grading Dataset/Original Dataset/Fresh/IMG_20230113_135228.jpg,tomato_fresh
Tomato Quality Grading Dataset/Original Dataset/Fresh/20230106_140348.jpg,tomato_fresh
Tomato Quality Grading Dataset/Original Dataset/Fresh/20230106_140314.jpg,tomato_fresh
Tomato Quality Grading Dataset/Original Dataset/Fresh/IMG_20230114_145318.jpg,tomato_fresh
Tomato Quality Grading Dataset/Original Dataset/Fresh/IMG_20230114_145902.jpg,tomato_fresh
Tomato Quality Grading Dataset/Original Dataset/Fresh/IMG_20230109_155626.jpg,tomato_fresh
Tomato Quality Grading Dataset/Original Dataset/Fresh/20230106_140211.jpg,tomato_fresh
Tomato Quality Grading Dataset/Original Dataset/Fresh/IMG_20230128_231438.jpg,tomato_fresh
Tomato Quality Grading Dataset/Original Dataset/Fresh/IMG_20230110_163859.jpg,tomato_fresh
Tomato Quality Grading Dataset/Original Dataset/Fresh/IMG_20230117_163119.jpg,tomato_fresh
Tomato Quality Grading Dataset/Original Dataset/Fresh/20230104_121619.jpg,tomato_fresh
Tomato Quality Grading Dataset/Original Dataset/Fresh/IMG_20230120_222031.jpg,tomato_fresh
Tomato Quality Grading Dataset/Original Dataset/Fresh/IMG_20230115_163554.jpg,tomato_fresh
Tomato Quality Grading Dataset/Original Dataset/Fresh/IMG_20230125_001849.jpg,tomato_fresh
Tomato Quality Grading Dataset/Original Dataset/Fresh/IMG_20230110_163832.jpg,tomato_fresh
Tomato Quality Grading Dataset/Original Dataset/Fresh/IMG_20230110_164305.jpg,tomato_fresh
Tomato Quality Grading Dataset/Original Dataset/Fresh/IMG_20230112_162711.jpg,tomato_fresh
Tomato Quality Grading Dataset/Original Dataset/Fresh/IMG_20230118_170702.jpg,tomato_fresh
Tomato Quality Grading Dataset/Original Dataset/Fresh/IMG_20230124_012938.jpg,tomato_fresh
Tomato Quality Grading Dataset/Original Dataset/Fresh/IMG_20230117_162921.jpg,tomato_fresh
Tomato Quality Grading Dataset/Original Dataset/Fresh/IMG_20230112_162657.jpg,tomato_fresh
Tomato Quality Grading Dataset/Original Dataset/Fresh/IMG_20230117_163512.jpg,tomato_fresh
Tomato Quality Grading Dataset/Original Dataset/Fresh/IMG_20230110_164156.jpg,tomato_fresh
Tomato Quality Grading Dataset/Original Dataset/Fresh/IMG_20230113_135529.jpg,tomato_fresh
Tomato Quality Grading Dataset/Original Dataset/Fresh/IMG_20230108_154901.jpg,tomato_fresh
Tomato Quality Grading Dataset/Original Dataset/Fresh/20230105_124928.jpg,tomato_fresh
Tomato Quality Grading Dataset/Original Dataset/Fresh/IMG_20230108_154112.jpg,tomato_fresh
