epoch,train_loss,train_accuracy,val_loss,val_accuracy,val_macro_f1,seconds
1,1.0057359953721365,0.7833333333333333,0.3177224099636078,0.894444465637207,0.8934941368903634,68.1
2,0.5946509381135304,0.9479166666666666,0.3537639081478119,0.9111111164093018,0.9105915347316825,61.9
3,0.5248691032330195,0.9708333333333333,0.3636896312236786,0.9111111164093018,0.9126874531084654,61.7
4,0.501117221514384,0.9822916666666667,0.33617088198661804,0.9055555462837219,0.9062472879536981,66.3
5,0.49480728010336555,0.984375,0.25681301951408386,0.9333333373069763,0.9333610673174468,68.6
6,0.4816218396027883,0.990625,0.3477582335472107,0.8833333253860474,0.8831613180669785,66.3
7,0.4750124474366506,0.9916666666666667,0.28438469767570496,0.9388889074325562,0.938702336929726,60.5
8,0.47449170450369516,0.9916666666666667,0.26599830389022827,0.9333333373069763,0.9334565158476972,65.1
9,0.4593950321276983,0.996875,0.3611687421798706,0.8888888955116272,0.8875272586588725,55.9
10,0.4612673322359721,0.9958333333333333,0.2628093957901001,0.9277777671813965,0.9275706397250169,55.8
11,0.45312837660312655,0.996875,0.30439773201942444,0.8999999761581421,0.8995144976177314,58.3
12,0.4611478507518768,0.9947916666666666,0.2799050807952881,0.9277777671813965,0.9279800338046709,56.2
13,0.453202360868454,0.9989583333333333,0.27251189947128296,0.9388889074325562,0.9390819737504378,56.3
